# This file uses centimeters as units for non-parametric coordinates.

mtllib Coati.mtl
g default
v 0.049827 1.365762 2.249144
v -0.000000 1.344666 2.201118
v -0.000000 1.529711 2.385386
v 0.047852 1.509614 2.388162
v 0.067740 1.435918 2.343097
v 0.133594 1.391911 1.887936
v -0.000000 1.328113 1.866128
v -0.000000 1.663998 1.930755
v 0.132462 1.596441 1.929456
v 0.164962 1.497508 1.910688
v 0.229356 1.387585 1.712502
v -0.000000 1.289860 1.690009
v -0.000000 1.840444 1.782103
v 0.240872 1.698447 1.776996
v 0.289019 1.531823 1.736413
v -0.000000 1.429448 2.398030
v -0.000000 1.362103 2.316159
v -0.000000 1.502210 2.426156
v 0.264289 1.389639 1.547687
v -0.000000 1.279163 1.517558
v -0.000000 1.975162 1.621866
v 0.293197 1.785242 1.597662
v 0.367226 1.564290 1.574755
v 0.262915 1.408094 1.353412
v -0.000000 1.300603 1.350475
v -0.000000 2.026191 1.419862
v 0.296741 1.828496 1.414871
v 0.370603 1.588773 1.391680
v 0.230301 1.411613 1.200226
v -0.000000 1.291770 1.202293
v -0.000000 2.029335 1.227439
v 0.277427 1.830714 1.231260
v 0.308487 1.575689 1.208565
v 0.086141 1.836801 -1.298761
v -0.000000 1.879965 -1.288731
v 0.101882 1.646022 -1.341501
v -0.000000 1.619449 -1.346739
v 0.138605 1.757240 -1.316720
v -0.000000 2.013727 1.028352
v -0.000000 1.238430 1.056726
v 0.226571 1.358707 1.054025
v 0.305187 1.520852 1.048191
v 0.164135 0.131952 0.504918
v 0.155611 0.163285 0.604513
v 0.250305 0.176045 0.672380
v 0.344187 0.163284 0.604084
v 0.333297 0.131952 0.504789
v 0.248652 0.121264 0.437690
v 0.167984 0.338718 0.445448
v 0.167597 0.337990 0.578066
v 0.253316 0.334794 0.661195
v 0.339214 0.333551 0.578830
v 0.339584 0.334060 0.447744
v 0.253472 0.336305 0.375037
v 0.133180 0.924576 0.441606
v 0.134335 0.987391 0.758513
v 0.277897 1.058328 0.771956
v 0.396437 1.260644 0.683270
v 0.449648 1.315143 0.363465
v 0.308953 1.061606 0.272224
v -0.000000 0.893174 0.531175
v -0.000000 0.970098 0.766292
v 0.192908 0.129629 -1.328035
v 0.191259 0.157435 -1.219715
v 0.271816 0.173275 -1.168380
v 0.352400 0.157435 -1.219715
v 0.350743 0.129628 -1.328035
v 0.271816 0.110384 -1.373805
v 0.189471 0.230575 -1.342053
v 0.188726 0.225912 -1.216884
v 0.271270 0.223239 -1.165210
v 0.353843 0.225912 -1.216884
v 0.353145 0.230575 -1.342053
v 0.271379 0.235049 -1.394869
v 0.169228 0.708081 -1.206233
v 0.186969 0.659079 -0.955304
v 0.298306 0.642214 -0.828020
v 0.436537 0.660326 -0.955874
v 0.436032 0.708082 -1.204562
v 0.299510 0.766796 -1.303880
v 0.127172 1.089932 -1.161060
v 0.167598 1.021809 -0.773155
v 0.299788 1.135345 -0.589678
v 0.415510 1.462535 -0.697156
v 0.386463 1.476405 -1.121735
v 0.251542 1.235701 -1.274103
v 0.190207 0.419788 -1.316169
v 0.193840 0.373221 -1.171056
v 0.279126 0.349691 -1.100912
v 0.383128 0.373221 -1.171056
v 0.382215 0.419789 -1.316169
v 0.290079 0.450825 -1.419918
v -0.000000 1.099063 -1.103209
v -0.000000 1.032282 -0.790379
v -0.000000 2.035872 -0.849630
v -0.000000 1.955524 -1.126981
v 0.312322 1.713711 -1.123991
v 0.357330 1.796318 -0.831747
v 0.187725 1.864663 -1.130888
v 0.214010 1.963031 -0.851634
v -0.000000 1.230384 -1.289520
v 0.127256 1.231664 -1.291301
v 0.212819 1.616001 -1.290717
v -0.000000 1.420923 -1.358012
v 0.210142 1.028235 -0.456151
v 0.316454 1.203228 -0.430399
v 0.394960 1.485731 -0.466588
v 0.337610 1.830021 -0.505723
v 0.229633 2.022996 -0.528400
v -0.000000 2.101605 -0.534626
v -0.000000 0.993917 -0.483294
v 0.202877 1.014503 -0.183009
v 0.324073 1.216993 -0.179928
v 0.376643 1.497805 -0.185489
v 0.330299 1.832219 -0.188556
v 0.231412 2.039197 -0.200109
v -0.000000 2.122402 -0.203673
v -0.000000 0.939231 -0.193421
v 0.193588 0.978967 0.117911
v 0.332340 1.164565 0.076757
v 0.409259 1.446168 0.103649
v 0.366426 1.784931 0.116106
v 0.234928 2.002303 0.111892
v -0.000000 2.094025 0.114170
v -0.000000 0.901068 0.144592
v 0.390457 1.684112 0.385877
v 0.236783 1.929109 0.384847
v -0.000000 2.028288 0.387076
v 0.358576 1.640503 0.646163
v 0.217924 1.890087 0.629350
v -0.000000 1.978744 0.623957
v 0.180576 1.940804 1.037320
v 0.118803 1.267521 1.056233
v 0.143654 0.000428 0.544545
v 0.145364 0.129135 0.672992
v 0.245664 0.150179 0.732651
v 0.346106 0.129135 0.672962
v 0.338575 0.000000 0.544814
v 0.241313 0.000355 0.478216
v 0.104891 0.000546 0.865382
v 0.126583 0.074825 0.847715
v 0.239726 0.089215 0.902612
v 0.352234 0.072583 0.847905
v 0.372949 0.000546 0.870834
v 0.238898 0.000546 0.921901
v 0.356979 0.101411 0.765744
v 0.372541 0.000546 0.733652
v 0.238898 0.000546 0.745443
v 0.107394 0.000546 0.734340
v 0.127489 0.105120 0.766186
v 0.241955 0.125286 0.798225
v 0.184532 0.000355 -1.263211
v 0.178573 0.125460 -1.179044
v 0.271595 0.150422 -1.103806
v 0.364625 0.125460 -1.179044
v 0.358643 0.000546 -1.263211
v 0.271588 0.000546 -1.340848
v 0.144156 0.000546 -0.939652
v 0.164578 0.079898 -0.938294
v 0.271588 0.095306 -0.885104
v 0.377921 0.079891 -0.938294
v 0.399019 0.000546 -0.939652
v 0.271588 0.000546 -0.864027
v 0.378375 0.094814 -1.077756
v 0.396726 0.000546 -1.097883
v 0.271588 0.000546 -1.143001
v 0.146450 0.000546 -1.097883
v 0.164463 0.094814 -1.077756
v 0.271588 0.116192 -0.981282
v 0.408652 0.898633 0.382997
v 0.377582 0.876798 0.632462
v 0.263007 0.808309 0.710675
v 0.150614 0.781651 0.662868
v 0.137620 0.770560 0.404382
v 0.271773 0.831771 0.308450
v 0.353982 0.599907 0.392185
v 0.341731 0.598995 0.598249
v 0.253950 0.580877 0.670536
v 0.163184 0.575321 0.603763
v 0.156605 0.573560 0.413015
v 0.259573 0.576847 0.333937
v 0.316499 1.696503 0.859679
v 0.329531 1.421635 0.880445
v 0.242215 1.246790 0.905673
v 0.124827 1.156596 0.908911
v -0.000000 1.129594 0.911060
v -0.000000 1.990714 0.834129
v 0.204311 1.908446 0.842236
v 0.439356 1.044021 -0.771950
v 0.329046 0.872217 -0.699712
v 0.181521 0.875565 -0.841143
v 0.157179 0.916760 -1.163493
v 0.302041 0.983108 -1.289030
v 0.423788 1.098193 -1.139131
v 0.265043 1.450231 -1.279815
v 0.128535 1.431113 -1.345077
v 0.286721 1.757056 1.042106
v -0.000000 1.964552 -1.524623
v -0.000000 1.706309 -1.609179
v 0.089132 1.921764 -1.538727
v 0.142504 1.842896 -1.564523
v 0.103736 1.732716 -1.599394
v -0.000000 2.277335 -1.871317
v -0.000000 2.060248 -2.051829
v 0.098522 2.241366 -1.901464
v 0.157907 2.175067 -1.957044
v 0.115254 2.082447 -2.033643
v -0.000000 2.694677 -2.071131
v -0.000000 2.550919 -2.340029
v 0.103183 2.670858 -2.115685
v 0.166335 2.626954 -2.197807
v 0.122389 2.565619 -2.312532
v -0.000000 3.017269 -2.150890
v -0.000000 2.945847 -2.458817
v 0.103183 3.005435 -2.201910
v 0.166335 2.983623 -2.295952
v 0.122389 2.953151 -2.427330
v -0.000000 3.132674 -2.240627
v -0.000000 3.151577 -2.329676
v -0.000000 3.094562 -2.404943
v 0.055061 3.126359 -2.267852
v 0.088760 3.114720 -2.318035
v 0.065310 3.098459 -2.388140
v 0.067580 1.646554 1.932338
v 0.129958 1.789547 1.781555
v 0.165891 1.932298 1.605844
v 0.202007 1.978429 1.422909
v 0.180272 1.973737 1.233886
v 0.062325 1.351693 1.869955
v 0.115060 1.314484 1.697178
v 0.131917 1.314246 1.525777
v 0.130343 1.329524 1.351824
v 0.120142 1.321113 1.201729
v -0.000000 1.340468 2.040812
v 0.045952 1.356661 2.047247
v 0.086703 1.387689 2.068068
v 0.109573 1.465123 2.108925
v 0.079330 1.536026 2.130926
v 0.038469 1.557904 2.136381
v -0.000000 1.568228 2.136716
v 0.273792 2.012179 1.371292
v 0.243047 2.019197 1.274192
v 0.354864 1.888028 1.372050
v 0.337060 1.891658 1.272521
v 0.349145 2.040224 1.361875
v 0.340045 2.036194 1.327752
v 0.380940 1.987061 1.363658
v 0.375237 1.985602 1.325359
v -0.049827 1.365762 2.249144
v -0.045952 1.356661 2.047247
v -0.086703 1.387689 2.068068
v -0.047852 1.509614 2.388162
v -0.038469 1.557904 2.136381
v -0.067740 1.435918 2.343097
v -0.109574 1.465123 2.108925
v -0.079330 1.536026 2.130926
v -0.133595 1.391911 1.887936
v -0.062325 1.351693 1.869955
v -0.115060 1.314484 1.697178
v -0.229356 1.387585 1.712502
v -0.067581 1.646554 1.932338
v -0.129958 1.789547 1.781555
v -0.132462 1.596441 1.929456
v -0.164962 1.497508 1.910688
v -0.289019 1.531823 1.736413
v -0.240872 1.698447 1.776996
v -0.131917 1.314246 1.525777
v -0.264289 1.389639 1.547687
v -0.165891 1.932298 1.605844
v -0.367226 1.564290 1.574755
v -0.293198 1.785242 1.597662
v -0.130343 1.329524 1.351824
v -0.262915 1.408094 1.353412
v -0.202007 1.978429 1.422909
v -0.370603 1.588773 1.391680
v -0.296741 1.828496 1.414871
v -0.120143 1.321113 1.201729
v -0.230301 1.411613 1.200226
v -0.180272 1.973737 1.233886
v -0.308487 1.575689 1.208565
v -0.277427 1.830714 1.231260
v -0.164135 0.131952 0.504918
v -0.155611 0.163285 0.604513
v -0.167597 0.337990 0.578066
v -0.167984 0.338718 0.445448
v -0.250305 0.176045 0.672380
v -0.253316 0.334794 0.661195
v -0.344187 0.163284 0.604084
v -0.339214 0.333551 0.578830
v -0.333297 0.131952 0.504789
v -0.339584 0.334060 0.447744
v -0.248652 0.121264 0.437690
v -0.253472 0.336305 0.375037
v -0.163184 0.575321 0.603763
v -0.156605 0.573560 0.413015
v -0.253950 0.580877 0.670536
v -0.341731 0.598995 0.598249
v -0.353982 0.599907 0.392185
v -0.259573 0.576847 0.333937
v -0.133180 0.924576 0.441606
v -0.134335 0.987391 0.758513
v -0.192908 0.129629 -1.328035
v -0.191259 0.157435 -1.219715
v -0.188726 0.225912 -1.216884
v -0.189471 0.230575 -1.342053
v -0.271816 0.173275 -1.168380
v -0.271270 0.223239 -1.165210
v -0.352400 0.157435 -1.219715
v -0.353843 0.225912 -1.216884
v -0.350743 0.129628 -1.328035
v -0.353145 0.230575 -1.342053
v -0.271816 0.110384 -1.373805
v -0.271379 0.235049 -1.394869
v -0.193840 0.373221 -1.171056
v -0.190207 0.419788 -1.316169
v -0.279126 0.349691 -1.100912
v -0.383128 0.373221 -1.171056
v -0.382215 0.419789 -1.316169
v -0.290079 0.450825 -1.419918
v -0.169228 0.708081 -1.206233
v -0.186969 0.659079 -0.955304
v -0.181521 0.875565 -0.841143
v -0.157179 0.916760 -1.163493
v -0.298306 0.642214 -0.828020
v -0.329046 0.872217 -0.699712
v -0.436537 0.660326 -0.955874
v -0.439356 1.044021 -0.771950
v -0.436032 0.708082 -1.204562
v -0.423788 1.098193 -1.139131
v -0.299510 0.766796 -1.303880
v -0.302041 0.983108 -1.289030
v -0.127172 1.089932 -1.161060
v -0.167598 1.021809 -0.773155
v -0.312322 1.713711 -1.123991
v -0.357330 1.796318 -0.831747
v -0.415511 1.462535 -0.697156
v -0.386463 1.476405 -1.121735
v -0.187725 1.864663 -1.130888
v -0.214010 1.963031 -0.851634
v -0.127256 1.231664 -1.291301
v -0.251542 1.235701 -1.274103
v -0.212819 1.616001 -1.290717
v -0.265044 1.450231 -1.279815
v -0.128535 1.431113 -1.345077
v -0.101882 1.646022 -1.341501
v -0.210142 1.028235 -0.456151
v -0.299788 1.135345 -0.589678
v -0.316454 1.203228 -0.430399
v -0.394960 1.485731 -0.466588
v -0.337610 1.830021 -0.505723
v -0.229633 2.022996 -0.528400
v -0.324073 1.216993 -0.179928
v -0.202877 1.014503 -0.183009
v -0.376643 1.497805 -0.185489
v -0.330299 1.832219 -0.188556
v -0.231412 2.039197 -0.200109
v -0.332340 1.164565 0.076757
v -0.193588 0.978967 0.117911
v -0.409259 1.446168 0.103649
v -0.366426 1.784931 0.116106
v -0.234929 2.002303 0.111892
v -0.308953 1.061606 0.272224
v -0.449648 1.315143 0.363465
v -0.236783 1.929109 0.384847
v -0.390457 1.684112 0.385877
v -0.217924 1.890087 0.629350
v -0.358577 1.640503 0.646163
v -0.396437 1.260644 0.683270
v -0.277897 1.058328 0.771956
v -0.242215 1.246790 0.905673
v -0.124827 1.156596 0.908911
v -0.329531 1.421635 0.880445
v -0.204311 1.908446 0.842236
v -0.316499 1.696503 0.859679
v -0.180576 1.940804 1.037320
v -0.286722 1.757056 1.042106
v -0.305187 1.520852 1.048191
v -0.226571 1.358707 1.054025
v -0.118803 1.267521 1.056233
v -0.143654 0.000428 0.544545
v -0.145364 0.129135 0.672992
v -0.245664 0.150179 0.732651
v -0.346106 0.129135 0.672962
v -0.338575 -0.000000 0.544814
v -0.241313 0.000355 0.478216
v -0.107394 0.000546 0.734340
v -0.127489 0.105120 0.766186
v -0.241955 0.125286 0.798225
v -0.356979 0.101411 0.765744
v -0.372541 0.000546 0.733652
v -0.238898 0.000546 0.745443
v -0.104891 0.000546 0.865382
v -0.238898 0.000546 0.921901
v -0.239726 0.089215 0.902612
v -0.126583 0.074825 0.847715
v -0.352234 0.072583 0.847905
v -0.372949 0.000546 0.870834
v -0.184532 0.000355 -1.263211
v -0.178573 0.125460 -1.179044
v -0.271595 0.150422 -1.103806
v -0.364625 0.125460 -1.179044
v -0.358643 0.000546 -1.263211
v -0.271588 0.000546 -1.340848
v -0.146450 0.000546 -1.097883
v -0.164463 0.094814 -1.077756
v -0.271588 0.116192 -0.981282
v -0.378375 0.094814 -1.077756
v -0.396726 0.000546 -1.097883
v -0.271588 0.000546 -1.143001
v -0.144156 0.000546 -0.939652
v -0.271588 0.000546 -0.864027
v -0.271588 0.095306 -0.885104
v -0.164578 0.079898 -0.938294
v -0.377921 0.079891 -0.938294
v -0.399019 0.000546 -0.939652
v -0.086141 1.836801 -1.298761
v -0.138605 1.757240 -1.316720
v -0.377583 0.876798 0.632462
v -0.408652 0.898633 0.382997
v -0.263007 0.808309 0.710675
v -0.150614 0.781651 0.662868
v -0.137620 0.770560 0.404382
v -0.271773 0.831771 0.308450
v -0.055061 3.126359 -2.267852
v -0.088760 3.114720 -2.318035
v -0.065310 3.098459 -2.388140
v -0.142499 1.842896 -1.564547
v -0.089133 1.921764 -1.538727
v -0.103737 1.732716 -1.599394
v -0.157907 2.175067 -1.957044
v -0.098522 2.241366 -1.901464
v -0.115254 2.082447 -2.033643
v -0.166335 2.626954 -2.197807
v -0.103183 2.670858 -2.115685
v -0.122390 2.565619 -2.312532
v -0.166335 2.983623 -2.295952
v -0.103183 3.005435 -2.201910
v -0.122390 2.953151 -2.427330
v -0.340045 2.036194 1.327752
v -0.349145 2.040224 1.361875
v -0.380940 1.987061 1.363658
v -0.375238 1.985602 1.325359
v -0.273792 2.012179 1.371292
v -0.243047 2.019197 1.274192
v -0.354864 1.888028 1.372050
v -0.337060 1.891658 1.272521
vt 0.029829 0.727240
vt 0.056657 0.687191
vt 0.064072 0.698579
vt 0.037417 0.783731
vt 0.033410 0.772924
vt 0.085931 0.748019
vt 0.090001 0.756845
vt 0.029190 0.753657
vt 0.073053 0.719231
vt 0.081472 0.737344
vt 0.095957 0.666587
vt 0.081607 0.651959
vt 0.109532 0.614941
vt 0.132141 0.633908
vt 0.140384 0.747329
vt 0.135165 0.731131
vt 0.185723 0.721614
vt 0.196195 0.752088
vt 0.127061 0.712189
vt 0.113073 0.689071
vt 0.154426 0.658818
vt 0.171927 0.692559
vt 0.022824 0.782364
vt 0.012981 0.765209
vt 0.011778 0.737450
vt 0.025467 0.710838
vt 0.137220 0.581438
vt 0.160074 0.603904
vt 0.236353 0.708522
vt 0.247198 0.746308
vt 0.187630 0.634015
vt 0.213830 0.673591
vt 0.167987 0.549677
vt 0.194171 0.570208
vt 0.574477 0.822776
vt 0.293477 0.724599
vt 0.219356 0.606811
vt 0.614669 0.815777
vt 0.192209 0.520982
vt 0.219147 0.540273
vt 0.538635 0.848012
vt 0.328485 0.695898
vt 0.248219 0.572143
vt 0.652705 0.838060
vt 0.280317 0.143225
vt 0.147804 0.197719
vt 0.170962 0.233941
vt 0.146297 0.247560
vt 0.176592 0.181435
vt 0.195325 0.222612
vt 0.208706 0.172568
vt 0.222673 0.215058
vt 0.233230 0.164228
vt 0.253239 0.207351
vt 0.257778 0.155819
vt 0.277684 0.197403
vt 0.194950 0.287794
vt 0.149513 0.293079
vt 0.220791 0.283532
vt 0.247371 0.279267
vt 0.291609 0.259392
vt 0.308352 0.240955
vt 0.186689 0.411367
vt 0.147565 0.387330
vt 0.378860 0.252375
vt 0.215682 0.394292
vt 0.964550 0.200695
vt 0.875542 0.102936
vt 0.864480 0.116055
vt 0.844058 0.093398
vt 0.894073 0.125058
vt 0.880844 0.136727
vt 0.912534 0.149929
vt 0.896395 0.158968
vt 0.932363 0.170185
vt 0.916706 0.183345
vt 0.949992 0.184345
vt 0.933220 0.200733
vt 0.834406 0.139389
vt 0.937152 0.248870
vt 0.845640 0.162691
vt 0.863303 0.186385
vt 0.885935 0.212152
vt 0.908104 0.233644
vt 0.911107 0.306374
vt 0.757366 0.184672
vt 0.700353 0.211033
vt 0.710161 0.133385
vt 0.760175 0.218386
vt 0.708010 0.256825
vt 0.790986 0.241802
vt 0.711273 0.305909
vt 0.839590 0.269788
vt 0.795609 0.346557
vt 0.871396 0.296636
vt 0.848882 0.339893
vt 0.630372 0.195826
vt 0.647090 0.129064
vt 0.886909 0.378848
vt 0.661390 0.226257
vt 0.765114 0.482753
vt 0.695833 0.478401
vt 0.668897 0.392848
vt 0.771237 0.427142
vt 0.763389 0.526305
vt 0.698694 0.528467
vt 0.758330 0.575141
vt 0.700866 0.580600
vt 0.864050 0.412011
vt 0.891425 0.425030
vt 0.836495 0.396516
vt 0.814017 0.484346
vt 0.816064 0.442569
vt 0.848410 0.454332
vt 0.838774 0.505646
vt 0.596002 0.279622
vt 0.642835 0.300336
vt 0.598791 0.326621
vt 0.612039 0.396922
vt 0.624193 0.480068
vt 0.631189 0.531650
vt 0.637615 0.588434
vt 0.585521 0.230638
vt 0.529158 0.342054
vt 0.525489 0.288462
vt 0.541863 0.406780
vt 0.554585 0.485223
vt 0.565549 0.538047
vt 0.573937 0.595421
vt 0.525021 0.238669
vt 0.455655 0.341877
vt 0.450161 0.284136
vt 0.467022 0.408834
vt 0.486387 0.486692
vt 0.502701 0.543822
vt 0.513478 0.601936
vt 0.450549 0.234728
vt 0.398051 0.317916
vt 0.398380 0.397677
vt 0.445200 0.549376
vt 0.422424 0.484947
vt 0.461497 0.607709
vt 0.396733 0.566752
vt 0.364326 0.503998
vt 0.419650 0.618708
vt 0.315384 0.427378
vt 0.256987 0.401866
vt 0.253384 0.460093
vt 0.222010 0.446251
vt 0.289965 0.490007
vt 0.191420 0.448087
vt 0.360583 0.594088
vt 0.329451 0.544226
vt 0.387530 0.639773
vt 0.359094 0.665431
vt 0.332251 0.626806
vt 0.304193 0.582528
vt 0.269510 0.535889
vt 0.238728 0.505623
vt 0.211287 0.488241
vt 0.184378 0.480566
vt 0.517429 0.657534
vt 0.143464 0.179584
vt 0.169615 0.165693
vt 0.197261 0.159386
vt 0.229274 0.134824
vt 0.537491 0.676483
vt 0.472279 0.658822
vt 0.138198 0.157978
vt 0.163019 0.149872
vt 0.186412 0.140458
vt 0.201887 0.123705
vt 0.476372 0.689399
vt 0.120345 0.125634
vt 0.436095 0.698291
vt 0.154411 0.125882
vt 0.133718 0.137974
vt 0.177043 0.124020
vt 0.454507 0.726316
vt 0.480162 0.758884
vt 0.885837 0.094006
vt 0.909410 0.112950
vt 0.921283 0.140768
vt 0.953972 0.153930
vt 0.501800 0.775475
vt 0.440533 0.757376
vt 0.908412 0.080830
vt 0.934566 0.096148
vt 0.937884 0.124640
vt 0.957165 0.134046
vt 0.456371 0.784135
vt 0.943966 0.052743
vt 0.392313 0.796346
vt 0.953343 0.085610
vt 0.938934 0.069565
vt 0.958067 0.105142
vt 0.415255 0.822296
vt 0.803734 0.548601
vt 0.794171 0.569803
vt 0.816974 0.527123
vt 0.276918 0.343306
vt 0.335542 0.317244
vt 0.238478 0.340774
vt 0.208860 0.338312
vt 0.356987 0.243858
vt 0.353942 0.279525
vt 0.877583 0.462793
vt 0.862645 0.498969
vt 0.923295 0.928781
vt 0.934507 0.925073
vt 0.934490 0.943946
vt 0.912944 0.935509
vt 0.948775 0.926749
vt 0.957840 0.934939
vt 0.862184 0.580104
vt 0.847294 0.596587
vt 0.830574 0.611614
vt 0.880738 0.560587
vt 0.901763 0.547451
vt 0.917388 0.693463
vt 0.897913 0.705398
vt 0.877095 0.714839
vt 0.940834 0.678218
vt 0.964047 0.669096
vt 0.935389 0.810218
vt 0.913092 0.816973
vt 0.890743 0.821921
vt 0.963012 0.802124
vt 0.988079 0.799026
vt 0.935839 0.893557
vt 0.914422 0.897432
vt 0.892789 0.902993
vt 0.962536 0.894554
vt 0.985465 0.901254
vt 0.590877 0.870209
vt 0.588890 0.862040
vt 0.602675 0.858127
vt 0.611219 0.862774
vt 0.048062 0.679090
vt 0.068842 0.642291
vt 0.087472 0.599789
vt 0.112491 0.562633
vt 0.142495 0.532282
vt 0.167478 0.507689
vt 0.579120 0.844742
vt 0.557606 0.855541
vt 0.613186 0.837234
vt 0.633034 0.848106
vt 0.675198 0.125049
vt 0.895902 0.345971
vt 0.149628 0.328920
vt 0.326152 0.219385
vt 0.152088 0.357301
vt 0.404100 0.763775
vt 0.905214 0.057524
vt 0.976729 0.109563
vt 0.451488 0.814844
vt 0.972991 0.075246
vt 0.487783 0.798863
vt 0.991621 0.185508
vt 0.870648 0.062124
vt 0.969146 0.170084
vt 0.855067 0.082995
vt 0.442242 0.664855
vt 0.112003 0.156580
vt 0.180827 0.105331
vt 0.485799 0.719309
vt 0.148174 0.105972
vt 0.527191 0.702040
vt 0.273959 0.113702
vt 0.104315 0.198883
vt 0.251218 0.128778
vt 0.129233 0.214934
vt 0.919243 0.385750
vt 0.815759 0.109262
vt 0.952754 0.214149
vt 0.755419 0.129039
vt 0.365892 0.217335
vt 0.298448 0.181496
vt 0.270443 0.683196
vt 0.302854 0.659094
vt 0.281548 0.623835
vt 0.249616 0.651096
vt 0.581358 0.864632
vt 0.613527 0.877250
vt 0.604817 0.866815
vt 0.639942 0.883448
vt 0.660582 0.878869
vt 0.029829 0.727240
vt 0.056657 0.687191
vt 0.064072 0.698579
vt 0.037417 0.783731
vt 0.033410 0.772924
vt 0.085931 0.748019
vt 0.090001 0.756845
vt 0.029190 0.753657
vt 0.073053 0.719231
vt 0.081472 0.737344
vt 0.095957 0.666587
vt 0.081607 0.651959
vt 0.109532 0.614941
vt 0.132141 0.633908
vt 0.140384 0.747329
vt 0.135165 0.731131
vt 0.185723 0.721614
vt 0.196195 0.752088
vt 0.127061 0.712189
vt 0.113073 0.689071
vt 0.154426 0.658818
vt 0.171927 0.692559
vt 0.022824 0.782364
vt 0.012981 0.765209
vt 0.011778 0.737450
vt 0.025467 0.710838
vt 0.137220 0.581438
vt 0.160074 0.603904
vt 0.236353 0.708522
vt 0.247198 0.746308
vt 0.187630 0.634015
vt 0.213830 0.673591
vt 0.167987 0.549677
vt 0.194171 0.570208
vt 0.270443 0.683196
vt 0.293477 0.724599
vt 0.219356 0.606811
vt 0.249616 0.651096
vt 0.192209 0.520982
vt 0.219147 0.540273
vt 0.302854 0.659094
vt 0.328485 0.695898
vt 0.248219 0.572143
vt 0.281548 0.623835
vt 0.129233 0.214934
vt 0.147804 0.197719
vt 0.170962 0.233941
vt 0.146297 0.247560
vt 0.176592 0.181435
vt 0.195325 0.222612
vt 0.208706 0.172568
vt 0.222673 0.215058
vt 0.233230 0.164228
vt 0.253239 0.207351
vt 0.257778 0.155819
vt 0.277684 0.197403
vt 0.280317 0.143225
vt 0.298448 0.181496
vt 0.194950 0.287794
vt 0.149513 0.293079
vt 0.220791 0.283532
vt 0.247371 0.279267
vt 0.291609 0.259392
vt 0.308352 0.240955
vt 0.326152 0.219385
vt 0.186689 0.411367
vt 0.147565 0.387330
vt 0.152088 0.357301
vt 0.215682 0.394292
vt 0.855067 0.082995
vt 0.875542 0.102936
vt 0.864480 0.116055
vt 0.844058 0.093398
vt 0.894073 0.125058
vt 0.880844 0.136727
vt 0.912534 0.149929
vt 0.896395 0.158968
vt 0.932363 0.170185
vt 0.916706 0.183345
vt 0.949992 0.184345
vt 0.933220 0.200733
vt 0.964550 0.200695
vt 0.952754 0.214149
vt 0.834406 0.139389
vt 0.815759 0.109262
vt 0.845640 0.162691
vt 0.863303 0.186385
vt 0.885935 0.212152
vt 0.908104 0.233644
vt 0.937152 0.248870
vt 0.755419 0.129039
vt 0.757366 0.184672
vt 0.700353 0.211033
vt 0.710161 0.133385
vt 0.760175 0.218386
vt 0.708010 0.256825
vt 0.790986 0.241802
vt 0.711273 0.305909
vt 0.839590 0.269788
vt 0.795609 0.346557
vt 0.871396 0.296636
vt 0.848882 0.339893
vt 0.911107 0.306374
vt 0.895902 0.345971
vt 0.630372 0.195826
vt 0.647090 0.129064
vt 0.675198 0.125049
vt 0.661390 0.226257
vt 0.765114 0.482753
vt 0.695833 0.478401
vt 0.668897 0.392848
vt 0.771237 0.427142
vt 0.763389 0.526305
vt 0.698694 0.528467
vt 0.758330 0.575141
vt 0.700866 0.580600
vt 0.864050 0.412011
vt 0.886909 0.378848
vt 0.919243 0.385750
vt 0.891425 0.425030
vt 0.836495 0.396516
vt 0.814017 0.484346
vt 0.816064 0.442569
vt 0.848410 0.454332
vt 0.838774 0.505646
vt 0.596002 0.279622
vt 0.642835 0.300336
vt 0.598791 0.326621
vt 0.612039 0.396922
vt 0.624193 0.480068
vt 0.631189 0.531650
vt 0.637615 0.588434
vt 0.585521 0.230638
vt 0.529158 0.342054
vt 0.525489 0.288462
vt 0.541863 0.406780
vt 0.554585 0.485223
vt 0.565549 0.538047
vt 0.573937 0.595421
vt 0.525021 0.238669
vt 0.455655 0.341877
vt 0.450161 0.284136
vt 0.467022 0.408834
vt 0.486387 0.486692
vt 0.502701 0.543822
vt 0.513478 0.601936
vt 0.450549 0.234728
vt 0.378860 0.252375
vt 0.365892 0.217335
vt 0.398051 0.317916
vt 0.398380 0.397677
vt 0.445200 0.549376
vt 0.422424 0.484947
vt 0.461497 0.607709
vt 0.396733 0.566752
vt 0.364326 0.503998
vt 0.419650 0.618708
vt 0.315384 0.427378
vt 0.256987 0.401866
vt 0.253384 0.460093
vt 0.222010 0.446251
vt 0.289965 0.490007
vt 0.191420 0.448087
vt 0.360583 0.594088
vt 0.329451 0.544226
vt 0.387530 0.639773
vt 0.359094 0.665431
vt 0.332251 0.626806
vt 0.304193 0.582528
vt 0.269510 0.535889
vt 0.238728 0.505623
vt 0.211287 0.488241
vt 0.184378 0.480566
vt 0.104315 0.198883
vt 0.143464 0.179584
vt 0.169615 0.165693
vt 0.197261 0.159386
vt 0.229274 0.134824
vt 0.251218 0.128778
vt 0.273959 0.113702
vt 0.112003 0.156580
vt 0.138198 0.157978
vt 0.163019 0.149872
vt 0.186412 0.140458
vt 0.201887 0.123705
vt 0.537491 0.676483
vt 0.527191 0.702040
vt 0.485799 0.719309
vt 0.476372 0.689399
vt 0.517429 0.657534
vt 0.472279 0.658822
vt 0.120345 0.125634
vt 0.148174 0.105972
vt 0.154411 0.125882
vt 0.133718 0.137974
vt 0.177043 0.124020
vt 0.180827 0.105331
vt 0.454507 0.726316
vt 0.436095 0.698291
vt 0.442242 0.664855
vt 0.870648 0.062124
vt 0.885837 0.094006
vt 0.909410 0.112950
vt 0.921283 0.140768
vt 0.953972 0.153930
vt 0.969146 0.170084
vt 0.991621 0.185508
vt 0.905214 0.057524
vt 0.908412 0.080830
vt 0.934566 0.096148
vt 0.937884 0.124640
vt 0.957165 0.134046
vt 0.501800 0.775475
vt 0.487783 0.798863
vt 0.451488 0.814844
vt 0.456371 0.784135
vt 0.480162 0.758884
vt 0.440533 0.757376
vt 0.943966 0.052743
vt 0.972991 0.075246
vt 0.953343 0.085610
vt 0.938934 0.069565
vt 0.958067 0.105142
vt 0.976729 0.109563
vt 0.415255 0.822296
vt 0.392313 0.796346
vt 0.404100 0.763775
vt 0.803734 0.548601
vt 0.794171 0.569803
vt 0.816974 0.527123
vt 0.276918 0.343306
vt 0.335542 0.317244
vt 0.238478 0.340774
vt 0.208860 0.338312
vt 0.149628 0.328920
vt 0.353942 0.279525
vt 0.356987 0.243858
vt 0.877583 0.462793
vt 0.862645 0.498969
vt 0.923295 0.928781
vt 0.934507 0.925073
vt 0.934490 0.943946
vt 0.912944 0.935509
vt 0.948775 0.926749
vt 0.957840 0.934939
vt 0.862184 0.580104
vt 0.847294 0.596587
vt 0.830574 0.611614
vt 0.880738 0.560587
vt 0.901763 0.547451
vt 0.917388 0.693463
vt 0.897913 0.705398
vt 0.877095 0.714839
vt 0.940834 0.678218
vt 0.964047 0.669096
vt 0.935389 0.810218
vt 0.913092 0.816973
vt 0.890743 0.821921
vt 0.963012 0.802124
vt 0.988079 0.799026
vt 0.935839 0.893557
vt 0.914422 0.897432
vt 0.892789 0.902993
vt 0.962536 0.894554
vt 0.985465 0.901254
vt 0.590877 0.870209
vt 0.588890 0.862040
vt 0.602675 0.858127
vt 0.604817 0.866815
vt 0.048062 0.679090
vt 0.068842 0.642291
vt 0.087472 0.599789
vt 0.112491 0.562633
vt 0.142495 0.532282
vt 0.167478 0.507689
vt 0.538635 0.848012
vt 0.574477 0.822776
vt 0.579120 0.844742
vt 0.557606 0.855541
vt 0.614669 0.815777
vt 0.613186 0.837234
vt 0.652705 0.838060
vt 0.633034 0.848106
vt 0.660582 0.878869
vt 0.639942 0.883448
vt 0.581358 0.864632
vt 0.611219 0.862774
vt 0.613527 0.877250
vn 0.597598 -0.801417 0.024654
vn 0.597598 -0.801417 0.024654
vn 0.597598 -0.801417 0.024654
vn 0.324407 0.933006 0.155755
vn 0.324407 0.933006 0.155755
vn 0.324407 0.933006 0.155755
vn 0.324407 0.933006 0.155755
vn 0.952784 0.251212 0.170572
vn 0.952784 0.251212 0.170572
vn 0.952784 0.251212 0.170572
vn 0.952784 0.251212 0.170572
vn 0.919492 -0.371499 0.128544
vn 0.919492 -0.371498 0.128544
vn 0.919492 -0.371499 0.128544
vn 0.919492 -0.371499 0.128544
vn 0.458694 -0.837997 0.295569
vn 0.458694 -0.837997 0.295569
vn 0.458694 -0.837997 0.295569
vn 0.458694 -0.837997 0.295569
vn 0.219027 0.644180 0.732843
vn 0.219027 0.644180 0.732843
vn 0.219027 0.644180 0.732843
vn 0.219027 0.644180 0.732843
vn 0.789252 0.104450 0.605121
vn 0.789252 0.104450 0.605121
vn 0.789252 0.104450 0.605121
vn 0.789252 0.104450 0.605121
vn 0.797965 -0.378373 0.469134
vn 0.797965 -0.378373 0.469134
vn 0.797965 -0.378373 0.469134
vn 0.797965 -0.378373 0.469134
vn 0.621572 -0.281011 0.731219
vn 0.621572 -0.281011 0.731219
vn 0.621572 -0.281011 0.731219
vn 0.621572 -0.281011 0.731219
vn 0.553778 -0.682352 0.477206
vn 0.553778 -0.682352 0.477206
vn 0.553778 -0.682352 0.477206
vn 0.553778 -0.682352 0.477206
vn 0.264395 -0.953524 0.144525
vn 0.264395 -0.953524 0.144525
vn 0.264395 -0.953524 0.144525
vn 0.301083 0.790556 0.533264
vn 0.301083 0.790556 0.533264
vn 0.301083 0.790556 0.533264
vn 0.506220 -0.859281 0.073335
vn 0.506220 -0.859281 0.073335
vn 0.506220 -0.859281 0.073335
vn 0.506220 -0.859281 0.073335
vn 0.266349 0.728990 0.630581
vn 0.266349 0.728990 0.630581
vn 0.266349 0.728990 0.630581
vn 0.266349 0.728990 0.630581
vn 0.885783 0.211560 0.413075
vn 0.885783 0.211560 0.413075
vn 0.885783 0.211560 0.413075
vn 0.885783 0.211560 0.413075
vn 0.847628 -0.471198 0.243924
vn 0.847628 -0.471198 0.243924
vn 0.847628 -0.471198 0.243924
vn 0.847628 -0.471198 0.243924
vn 0.506192 -0.858447 -0.082694
vn 0.506191 -0.858447 -0.082694
vn 0.506192 -0.858447 -0.082694
vn 0.506192 -0.858447 -0.082694
vn 0.239633 0.935769 0.258673
vn 0.239633 0.935769 0.258673
vn 0.239633 0.935769 0.258673
vn 0.239633 0.935769 0.258673
vn 0.951693 0.298197 0.073208
vn 0.951693 0.298197 0.073208
vn 0.951693 0.298197 0.073208
vn 0.951693 0.298197 0.073208
vn 0.863249 -0.502036 -0.052544
vn 0.863249 -0.502036 -0.052544
vn 0.863249 -0.502036 -0.052544
vn 0.863249 -0.502036 -0.052544
vn 0.570273 -0.818694 -0.067299
vn 0.570273 -0.818694 -0.067299
vn 0.570273 -0.818694 -0.067299
vn 0.570273 -0.818694 -0.067299
vn 0.261395 0.965049 -0.018809
vn 0.261395 0.965049 -0.018809
vn 0.261395 0.965049 -0.018809
vn 0.261395 0.965049 -0.018809
vn 0.950506 0.221760 -0.217624
vn 0.950506 0.221760 -0.217624
vn 0.950506 0.221760 -0.217624
vn 0.950506 0.221760 -0.217624
vn 0.868908 -0.437062 -0.232325
vn 0.868908 -0.437062 -0.232325
vn 0.868908 -0.437062 -0.232325
vn 0.868908 -0.437062 -0.232325
vn -0.998587 0.031875 -0.042521
vn -0.998587 0.031875 -0.042521
vn -0.998587 0.031875 -0.042521
vn -0.998587 0.031875 -0.042521
vn -0.641161 0.114474 0.758820
vn -0.641161 0.114474 0.758821
vn -0.641161 0.114474 0.758821
vn -0.641161 0.114474 0.758821
vn 0.643832 0.088021 0.760088
vn 0.643832 0.088021 0.760088
vn 0.643832 0.088021 0.760088
vn 0.643832 0.088021 0.760088
vn 0.998951 -0.013216 -0.043847
vn 0.998951 -0.013216 -0.043847
vn 0.998951 -0.013216 -0.043847
vn 0.998951 -0.013216 -0.043847
vn 0.623177 -0.230994 -0.747190
vn 0.623177 -0.230994 -0.747190
vn 0.623177 -0.230994 -0.747190
vn 0.623177 -0.230994 -0.747190
vn -0.625363 -0.205128 -0.752890
vn -0.625363 -0.205128 -0.752890
vn -0.625363 -0.205128 -0.752890
vn -0.625363 -0.205128 -0.752890
vn -0.999265 -0.033147 0.019239
vn -0.999265 -0.033147 0.019239
vn -0.999265 -0.033147 0.019239
vn -0.999265 -0.033147 0.019239
vn -0.645730 -0.060220 0.761187
vn -0.645730 -0.060220 0.761187
vn -0.645730 -0.060220 0.761187
vn -0.645730 -0.060220 0.761187
vn 0.666795 -0.045928 0.743825
vn 0.666795 -0.045928 0.743825
vn 0.666795 -0.045928 0.743825
vn 0.666795 -0.045928 0.743825
vn 0.998877 -0.029267 0.037268
vn 0.998877 -0.029267 0.037268
vn 0.998877 -0.029267 0.037268
vn 0.998877 -0.029267 0.037268
vn 0.591298 -0.174235 -0.787406
vn 0.591298 -0.174235 -0.787406
vn 0.591298 -0.174235 -0.787406
vn 0.591298 -0.174235 -0.787406
vn -0.616056 -0.127087 -0.777383
vn -0.616056 -0.127087 -0.777383
vn -0.616056 -0.127087 -0.777383
vn -0.616056 -0.127087 -0.777383
vn 0.256696 -0.937066 0.236672
vn 0.256696 -0.937067 0.236672
vn 0.256696 -0.937067 0.236672
vn 0.256696 -0.937066 0.236672
vn -0.999342 -0.035657 -0.006712
vn -0.999342 -0.035657 -0.006712
vn -0.999342 -0.035657 -0.006712
vn -0.999342 -0.035657 -0.006712
vn -0.529855 -0.056644 0.846195
vn -0.529855 -0.056644 0.846195
vn -0.529855 -0.056644 0.846195
vn -0.529855 -0.056644 0.846195
vn 0.530556 -0.046897 0.846351
vn 0.530556 -0.046897 0.846351
vn 0.530556 -0.046897 0.846351
vn 0.530556 -0.046897 0.846351
vn 0.999701 -0.023202 -0.007783
vn 0.999701 -0.023202 -0.007783
vn 0.999701 -0.023202 -0.007783
vn 0.999701 -0.023202 -0.007783
vn 0.527136 -0.135048 -0.838981
vn 0.527136 -0.135048 -0.838981
vn 0.527136 -0.135048 -0.838981
vn 0.527136 -0.135048 -0.838981
vn -0.526818 -0.139423 -0.838466
vn -0.526818 -0.139423 -0.838466
vn -0.526818 -0.139423 -0.838466
vn -0.526818 -0.139423 -0.838466
vn -0.999804 0.014518 0.013435
vn -0.999804 0.014518 0.013435
vn -0.999804 0.014518 0.013435
vn -0.999804 0.014518 0.013435
vn -0.592425 -0.276351 0.756745
vn -0.592425 -0.276351 0.756745
vn -0.592424 -0.276351 0.756745
vn -0.592425 -0.276351 0.756745
vn 0.543065 -0.375755 0.750926
vn 0.543065 -0.375755 0.750926
vn 0.543065 -0.375755 0.750926
vn 0.543065 -0.375755 0.750926
vn 0.985919 -0.163123 -0.036796
vn 0.985919 -0.163123 -0.036796
vn 0.985919 -0.163123 -0.036796
vn 0.985919 -0.163123 -0.036796
vn 0.658520 -0.076130 -0.748702
vn 0.658520 -0.076130 -0.748702
vn 0.658520 -0.076130 -0.748702
vn 0.658520 -0.076130 -0.748702
vn -0.655943 0.033036 -0.754087
vn -0.655943 0.033036 -0.754087
vn -0.655943 0.033036 -0.754087
vn -0.655943 0.033036 -0.754087
vn -0.995944 -0.064236 0.063002
vn -0.995944 -0.064236 0.063002
vn -0.995944 -0.064236 0.063002
vn -0.995944 -0.064236 0.063002
vn -0.695877 -0.311886 0.646903
vn -0.695877 -0.311886 0.646903
vn -0.695877 -0.311886 0.646903
vn -0.695877 -0.311886 0.646903
vn 0.733503 -0.339644 0.588740
vn 0.733503 -0.339644 0.588740
vn 0.733503 -0.339644 0.588740
vn 0.733503 -0.339644 0.588740
vn 0.999548 0.019539 -0.022852
vn 0.999548 0.019539 -0.022852
vn 0.999548 0.019539 -0.022852
vn 0.999548 0.019539 -0.022852
vn 0.678185 0.107112 -0.727043
vn 0.678185 0.107112 -0.727043
vn 0.678185 0.107112 -0.727043
vn 0.678185 0.107112 -0.727043
vn -0.651248 0.087560 -0.753796
vn -0.651248 0.087560 -0.753796
vn -0.651248 0.087560 -0.753796
vn -0.651248 0.087560 -0.753796
vn -0.690673 0.241689 -0.681585
vn -0.690673 0.241689 -0.681585
vn -0.690673 0.241689 -0.681585
vn -0.690673 0.241689 -0.681585
vn -0.996902 -0.069379 0.037059
vn -0.996902 -0.069379 0.037059
vn -0.996902 -0.069379 0.037059
vn -0.996902 -0.069379 0.037059
vn -0.671715 -0.469696 0.572874
vn -0.671715 -0.469696 0.572874
vn -0.671715 -0.469696 0.572874
vn -0.671715 -0.469696 0.572874
vn 0.577570 -0.566927 0.587373
vn 0.577570 -0.566927 0.587373
vn 0.577570 -0.566927 0.587373
vn 0.577570 -0.566927 0.587373
vn 0.986228 -0.160002 -0.041875
vn 0.986228 -0.160002 -0.041875
vn 0.986228 -0.160002 -0.041875
vn 0.986228 -0.160002 -0.041875
vn 0.692550 0.189707 -0.695978
vn 0.692550 0.189706 -0.695978
vn 0.692550 0.189707 -0.695978
vn 0.692550 0.189706 -0.695978
vn -0.090361 -0.978906 -0.183243
vn -0.090361 -0.978906 -0.183243
vn -0.090361 -0.978906 -0.183243
vn -0.090361 -0.978906 -0.183243
vn 0.973133 0.196860 -0.119412
vn 0.973132 0.196860 -0.119412
vn 0.973133 0.196860 -0.119412
vn 0.973133 0.196860 -0.119412
vn 0.744587 0.604023 -0.284160
vn 0.744587 0.604023 -0.284160
vn 0.744587 0.604023 -0.284160
vn 0.744587 0.604023 -0.284160
vn 0.356074 0.884695 -0.300874
vn 0.356074 0.884695 -0.300874
vn 0.356074 0.884695 -0.300874
vn 0.356074 0.884695 -0.300874
vn -0.173778 -0.745674 -0.643251
vn -0.173778 -0.745674 -0.643251
vn -0.173778 -0.745674 -0.643251
vn -0.173778 -0.745674 -0.643251
vn 0.122925 -0.671538 -0.730703
vn 0.122925 -0.671538 -0.730703
vn 0.122925 -0.671538 -0.730703
vn 0.765451 0.220233 -0.604634
vn 0.765451 0.220233 -0.604634
vn 0.765451 0.220233 -0.604634
vn 0.765451 0.220233 -0.604634
vn 0.426091 0.070932 -0.901895
vn 0.426091 0.070932 -0.901895
vn 0.426091 0.070932 -0.901895
vn 0.426091 0.070932 -0.901895
vn 0.837356 -0.528995 0.137836
vn 0.837356 -0.528995 0.137836
vn 0.837356 -0.528995 0.137836
vn 0.955101 -0.286263 0.076397
vn 0.955101 -0.286263 0.076397
vn 0.955101 -0.286263 0.076397
vn 0.955101 -0.286263 0.076397
vn 0.982113 0.180803 0.052575
vn 0.982113 0.180803 0.052575
vn 0.982113 0.180803 0.052575
vn 0.982113 0.180803 0.052575
vn 0.821577 0.564965 -0.076322
vn 0.821577 0.564966 -0.076322
vn 0.821577 0.564965 -0.076322
vn 0.821577 0.564966 -0.076322
vn 0.318769 0.928458 -0.190660
vn 0.318769 0.928458 -0.190660
vn 0.318769 0.928458 -0.190660
vn 0.318769 0.928459 -0.190660
vn 0.069418 -0.996031 -0.055707
vn 0.069418 -0.996031 -0.055707
vn 0.069418 -0.996031 -0.055707
vn 0.069418 -0.996031 -0.055707
vn 0.856491 -0.516162 -0.000547
vn 0.856491 -0.516162 -0.000547
vn 0.856491 -0.516162 -0.000547
vn 0.856491 -0.516162 -0.000547
vn 0.974024 -0.224382 0.030509
vn 0.974024 -0.224382 0.030509
vn 0.974024 -0.224382 0.030509
vn 0.974024 -0.224382 0.030509
vn 0.987429 0.153264 0.038642
vn 0.987429 0.153264 0.038642
vn 0.987429 0.153264 0.038642
vn 0.987429 0.153264 0.038642
vn 0.888403 0.459033 -0.005470
vn 0.888403 0.459032 -0.005470
vn 0.888403 0.459032 -0.005470
vn 0.888403 0.459032 -0.005470
vn 0.331704 0.941851 -0.053752
vn 0.331704 0.941851 -0.053752
vn 0.331704 0.941851 -0.053752
vn 0.331704 0.941851 -0.053752
vn 0.264407 -0.957771 -0.112978
vn 0.264407 -0.957771 -0.112978
vn 0.264407 -0.957771 -0.112978
vn 0.264407 -0.957771 -0.112978
vn 0.823737 -0.560276 -0.086876
vn 0.823737 -0.560276 -0.086876
vn 0.823737 -0.560276 -0.086876
vn 0.823737 -0.560276 -0.086876
vn 0.969058 -0.218778 -0.114296
vn 0.969058 -0.218778 -0.114296
vn 0.969058 -0.218778 -0.114296
vn 0.969058 -0.218778 -0.114296
vn 0.986943 0.132028 -0.092261
vn 0.986943 0.132028 -0.092261
vn 0.986943 0.132028 -0.092261
vn 0.986943 0.132028 -0.092261
vn 0.878665 0.477360 0.008678
vn 0.878665 0.477360 0.008678
vn 0.878665 0.477360 0.008678
vn 0.878665 0.477360 0.008678
vn 0.349403 0.932180 0.094650
vn 0.349403 0.932180 0.094650
vn 0.349403 0.932180 0.094650
vn 0.349403 0.932180 0.094650
vn 0.354853 -0.929338 -0.102036
vn 0.354853 -0.929338 -0.102036
vn 0.354853 -0.929337 -0.102036
vn 0.354853 -0.929337 -0.102036
vn 0.297992 -0.952792 -0.058208
vn 0.297992 -0.952792 -0.058208
vn 0.297992 -0.952792 -0.058208
vn 0.297992 -0.952792 -0.058208
vn 0.673763 -0.730319 -0.112599
vn 0.673763 -0.730319 -0.112599
vn 0.673763 -0.730319 -0.112599
vn 0.673763 -0.730319 -0.112599
vn 0.921758 -0.329815 -0.203923
vn 0.921758 -0.329815 -0.203923
vn 0.921758 -0.329815 -0.203923
vn 0.921758 -0.329815 -0.203923
vn 0.843593 0.521737 0.127050
vn 0.843593 0.521737 0.127050
vn 0.843593 0.521737 0.127050
vn 0.843593 0.521737 0.127050
vn 0.367112 0.901735 0.228262
vn 0.367112 0.901735 0.228262
vn 0.367112 0.901735 0.228262
vn 0.367112 0.901735 0.228262
vn 0.987785 0.145183 -0.056597
vn 0.987785 0.145183 -0.056597
vn 0.987785 0.145183 -0.056597
vn 0.987785 0.145183 -0.056597
vn 0.844433 0.508591 0.168132
vn 0.844433 0.508591 0.168132
vn 0.844433 0.508591 0.168132
vn 0.844433 0.508591 0.168132
vn 0.374345 0.909263 0.181954
vn 0.374345 0.909263 0.181954
vn 0.374345 0.909263 0.181954
vn 0.374345 0.909263 0.181954
vn 0.977630 0.129951 0.165384
vn 0.977630 0.129951 0.165384
vn 0.977630 0.129951 0.165383
vn 0.977630 0.129951 0.165384
vn 0.318802 -0.564520 0.761369
vn 0.318802 -0.564520 0.761369
vn 0.318802 -0.564520 0.761369
vn 0.318802 -0.564520 0.761369
vn 0.798287 -0.273666 0.536512
vn 0.798287 -0.273666 0.536512
vn 0.798287 -0.273666 0.536512
vn 0.798287 -0.273666 0.536512
vn 0.140966 -0.659201 0.738636
vn 0.140966 -0.659201 0.738635
vn 0.140966 -0.659201 0.738635
vn 0.140966 -0.659201 0.738635
vn 0.875663 0.481970 0.030316
vn 0.875663 0.481970 0.030316
vn 0.875663 0.481970 0.030316
vn 0.875663 0.481970 0.030316
vn 0.376168 0.924964 -0.054208
vn 0.376168 0.924964 -0.054208
vn 0.376168 0.924964 -0.054208
vn 0.376169 0.924964 -0.054208
vn 0.973463 0.094107 0.208600
vn 0.973463 0.094107 0.208600
vn 0.973463 0.094107 0.208601
vn 0.973463 0.094107 0.208600
vn 0.375889 0.920352 -0.107984
vn 0.375889 0.920352 -0.107984
vn 0.375889 0.920352 -0.107984
vn 0.375889 0.920352 -0.107984
vn 0.875424 0.483329 0.005138
vn 0.875424 0.483329 0.005138
vn 0.875424 0.483329 0.005138
vn 0.875424 0.483329 0.005138
vn 0.990203 0.067451 0.122268
vn 0.990202 0.067451 0.122268
vn 0.990202 0.067451 0.122268
vn 0.990203 0.067451 0.122268
vn 0.848461 -0.384231 0.363979
vn 0.848461 -0.384231 0.363979
vn 0.848461 -0.384231 0.363979
vn 0.848461 -0.384231 0.363979
vn 0.539044 -0.653173 0.531787
vn 0.539044 -0.653173 0.531787
vn 0.539044 -0.653173 0.531787
vn 0.539044 -0.653173 0.531787
vn 0.186935 -0.784024 0.591914
vn 0.186935 -0.784024 0.591914
vn 0.186935 -0.784024 0.591914
vn 0.186935 -0.784024 0.591914
vn -0.987725 0.112445 -0.108427
vn -0.987724 0.112445 -0.108427
vn -0.987724 0.112445 -0.108427
vn -0.987724 0.112445 -0.108427
vn -0.379890 0.854461 0.354372
vn -0.379890 0.854461 0.354372
vn -0.379890 0.854461 0.354372
vn -0.379890 0.854461 0.354372
vn 0.402509 0.826888 0.392739
vn 0.402509 0.826888 0.392739
vn 0.402509 0.826887 0.392739
vn 0.402509 0.826887 0.392739
vn 0.997081 -0.006662 -0.076055
vn 0.997081 -0.006662 -0.076055
vn 0.997081 -0.006662 -0.076055
vn 0.997081 -0.006662 -0.076055
vn 0.582476 -0.251029 -0.773115
vn 0.582476 -0.251029 -0.773115
vn 0.582476 -0.251029 -0.773115
vn 0.582476 -0.251029 -0.773115
vn -0.588118 -0.185166 -0.787293
vn -0.588118 -0.185166 -0.787294
vn -0.588118 -0.185166 -0.787293
vn -0.588118 -0.185166 -0.787293
vn -0.964378 0.205008 -0.167171
vn -0.964378 0.205008 -0.167171
vn -0.964378 0.205008 -0.167171
vn -0.964378 0.205008 -0.167171
vn -0.283263 0.926701 0.246955
vn -0.283263 0.926701 0.246955
vn -0.283263 0.926701 0.246955
vn -0.283263 0.926701 0.246955
vn 0.311579 0.905875 0.286896
vn 0.311579 0.905875 0.286896
vn 0.311579 0.905875 0.286896
vn 0.311579 0.905875 0.286896
vn 0.980581 0.134003 -0.143194
vn 0.980581 0.134003 -0.143194
vn 0.980581 0.134003 -0.143194
vn 0.980581 0.134003 -0.143194
vn -0.001953 -0.999997 0.001751
vn -0.001953 -0.999997 0.001751
vn -0.001953 -0.999997 0.001751
vn -0.001953 -0.999997 0.001751
vn -0.000159 -1.000000 0.000663
vn -0.000159 -1.000000 0.000663
vn -0.000159 -1.000000 0.000663
vn -0.000159 -1.000000 0.000663
vn -0.409671 0.255241 0.875798
vn -0.409671 0.255241 0.875798
vn -0.409671 0.255241 0.875798
vn -0.409671 0.255241 0.875798
vn 0.394439 0.278829 0.875599
vn 0.394439 0.278829 0.875599
vn 0.394439 0.278829 0.875599
vn 0.394439 0.278829 0.875599
vn 0.978142 0.202789 0.045993
vn 0.978142 0.202789 0.045993
vn 0.978142 0.202789 0.045993
vn 0.978142 0.202789 0.045993
vn 0.000000 -1.000000 -0.000000
vn 0.000000 -1.000000 -0.000000
vn 0.000000 -1.000000 -0.000000
vn 0.000000 -1.000000 -0.000000
vn 0.000000 -1.000000 -0.000000
vn 0.000000 -1.000000 -0.000000
vn 0.000000 -1.000000 -0.000000
vn 0.000000 -1.000000 -0.000000
vn -0.973932 0.226230 0.016623
vn -0.973932 0.226230 0.016623
vn -0.973932 0.226230 0.016623
vn -0.973932 0.226230 0.016623
vn -0.260727 0.910603 0.320661
vn -0.260727 0.910603 0.320661
vn -0.260727 0.910603 0.320661
vn -0.260727 0.910603 0.320661
vn 0.284902 0.901979 0.324446
vn 0.284902 0.901979 0.324446
vn 0.284902 0.901979 0.324446
vn 0.284902 0.901979 0.324447
vn -0.993248 0.068468 -0.093648
vn -0.993248 0.068468 -0.093648
vn -0.993248 0.068468 -0.093648
vn -0.993248 0.068468 -0.093648
vn -0.457437 0.810391 0.366085
vn -0.457437 0.810391 0.366085
vn -0.457437 0.810391 0.366085
vn -0.457437 0.810391 0.366085
vn 0.458844 0.808365 0.368794
vn 0.458844 0.808365 0.368794
vn 0.458843 0.808365 0.368794
vn 0.458844 0.808365 0.368794
vn 0.993766 0.064713 -0.090781
vn 0.993766 0.064713 -0.090781
vn 0.993766 0.064713 -0.090781
vn 0.993766 0.064713 -0.090781
vn 0.592576 -0.288732 -0.751989
vn 0.592576 -0.288732 -0.751989
vn 0.592576 -0.288732 -0.751989
vn 0.592576 -0.288732 -0.751989
vn -0.592645 -0.286514 -0.752783
vn -0.592645 -0.286514 -0.752783
vn -0.592645 -0.286514 -0.752783
vn -0.592645 -0.286514 -0.752783
vn -0.974968 0.136876 -0.175222
vn -0.974968 0.136876 -0.175222
vn -0.974968 0.136876 -0.175222
vn -0.974968 0.136876 -0.175222
vn -0.403333 0.885366 0.231194
vn -0.403333 0.885365 0.231194
vn -0.403333 0.885366 0.231194
vn -0.403333 0.885366 0.231194
vn 0.404266 0.884820 0.231652
vn 0.404266 0.884820 0.231652
vn 0.404266 0.884820 0.231652
vn 0.404266 0.884820 0.231652
vn 0.975116 0.137702 -0.173745
vn 0.975116 0.137702 -0.173745
vn 0.975116 0.137702 -0.173745
vn 0.975116 0.137702 -0.173745
vn 0.000000 -1.000000 0.000000
vn 0.000000 -1.000000 0.000000
vn 0.000000 -1.000000 0.000000
vn 0.000000 -1.000000 0.000000
vn 0.001282 -0.999999 0.000660
vn 0.001282 -0.999999 0.000660
vn 0.001282 -0.999999 0.000660
vn 0.001282 -0.999999 0.000660
vn -0.483557 0.154298 0.861606
vn -0.483557 0.154298 0.861606
vn -0.483557 0.154298 0.861606
vn -0.483557 0.154298 0.861606
vn 0.484582 0.156202 0.860686
vn 0.484582 0.156202 0.860687
vn 0.484582 0.156202 0.860686
vn 0.484582 0.156202 0.860686
vn 0.975266 0.220977 0.005053
vn 0.975266 0.220978 0.005053
vn 0.975266 0.220978 0.005053
vn 0.975266 0.220977 0.005053
vn 0.000000 -1.000000 0.000000
vn 0.000000 -1.000000 0.000000
vn 0.000000 -1.000000 0.000000
vn 0.000000 -1.000000 0.000000
vn 0.000000 -1.000000 -0.000000
vn 0.000000 -1.000000 -0.000000
vn 0.000000 -1.000000 -0.000000
vn 0.000000 -1.000000 -0.000000
vn -0.976451 0.215708 0.003661
vn -0.976451 0.215708 0.003661
vn -0.976451 0.215708 0.003661
vn -0.976451 0.215708 0.003661
vn -0.265081 0.953266 0.144967
vn -0.265081 0.953266 0.144967
vn -0.265081 0.953266 0.144967
vn -0.265081 0.953266 0.144967
vn 0.266536 0.952808 0.145310
vn 0.266536 0.952808 0.145310
vn 0.266536 0.952808 0.145310
vn 0.266536 0.952808 0.145310
vn 0.390258 0.837277 -0.382971
vn 0.390258 0.837277 -0.382971
vn 0.390258 0.837277 -0.382971
vn 0.390258 0.837277 -0.382971
vn 0.668893 0.553171 -0.496572
vn 0.668893 0.553171 -0.496572
vn 0.668893 0.553171 -0.496572
vn 0.428720 0.059298 -0.901489
vn 0.428720 0.059298 -0.901489
vn 0.428720 0.059298 -0.901489
vn 0.987597 -0.079151 0.135601
vn 0.987597 -0.079151 0.135601
vn 0.987597 -0.079151 0.135601
vn 0.987597 -0.079151 0.135601
vn 0.691519 -0.161326 0.704113
vn 0.691519 -0.161326 0.704113
vn 0.691519 -0.161326 0.704113
vn 0.691519 -0.161326 0.704113
vn -0.101474 -0.324155 0.940546
vn -0.101474 -0.324155 0.940546
vn -0.101474 -0.324155 0.940546
vn -0.101474 -0.324155 0.940546
vn -0.997000 -0.069783 0.033479
vn -0.997000 -0.069783 0.033479
vn -0.997000 -0.069783 0.033479
vn -0.997000 -0.069783 0.033479
vn -0.670736 0.059132 -0.739335
vn -0.670736 0.059132 -0.739335
vn -0.670736 0.059132 -0.739335
vn -0.670736 0.059132 -0.739335
vn 0.623032 -0.141715 -0.769251
vn 0.623032 -0.141715 -0.769251
vn 0.623032 -0.141715 -0.769251
vn 0.623032 -0.141715 -0.769251
vn 0.983691 -0.158167 0.085650
vn 0.983691 -0.158167 0.085650
vn 0.983691 -0.158167 0.085650
vn 0.983691 -0.158167 0.085650
vn 0.633496 -0.167476 0.755403
vn 0.633496 -0.167476 0.755403
vn 0.633496 -0.167476 0.755403
vn 0.633496 -0.167476 0.755403
vn -0.456640 -0.201939 0.866430
vn -0.456640 -0.201939 0.866430
vn -0.456640 -0.201939 0.866430
vn -0.456640 -0.201939 0.866430
vn -0.995448 -0.083606 0.045761
vn -0.995448 -0.083606 0.045761
vn -0.995448 -0.083606 0.045761
vn -0.995448 -0.083606 0.045761
vn -0.579986 -0.069984 -0.811615
vn -0.579986 -0.069984 -0.811615
vn -0.579986 -0.069984 -0.811615
vn -0.579986 -0.069984 -0.811615
vn 0.528201 -0.116475 -0.841093
vn 0.528201 -0.116475 -0.841093
vn 0.528201 -0.116475 -0.841093
vn 0.528201 -0.116475 -0.841093
vn 0.760355 -0.114138 0.639401
vn 0.760355 -0.114138 0.639401
vn 0.760355 -0.114138 0.639401
vn 0.760355 -0.114138 0.639401
vn -0.642414 -0.361596 0.675687
vn -0.642414 -0.361596 0.675687
vn -0.642414 -0.361596 0.675687
vn -0.642414 -0.361596 0.675687
vn -0.986368 -0.150384 0.066800
vn -0.986368 -0.150384 0.066800
vn -0.986368 -0.150384 0.066800
vn -0.986368 -0.150384 0.066800
vn -0.622015 -0.085880 -0.778282
vn -0.622015 -0.085880 -0.778282
vn -0.622015 -0.085880 -0.778282
vn -0.622015 -0.085880 -0.778282
vn 0.674201 0.131108 -0.726817
vn 0.674201 0.131108 -0.726817
vn 0.674201 0.131108 -0.726817
vn 0.674201 0.131108 -0.726817
vn 0.995417 0.082100 -0.049036
vn 0.995417 0.082100 -0.049036
vn 0.995417 0.082100 -0.049036
vn 0.995417 0.082100 -0.049036
vn 0.717689 0.426331 -0.550604
vn 0.717689 0.426331 -0.550604
vn 0.717689 0.426331 -0.550604
vn 0.717689 0.426331 -0.550604
vn 0.796584 -0.066133 -0.600900
vn 0.796584 -0.066133 -0.600900
vn 0.796584 -0.066133 -0.600900
vn 0.310013 -0.146065 -0.939445
vn 0.310013 -0.146065 -0.939445
vn 0.310013 -0.146065 -0.939445
vn 0.310013 -0.146065 -0.939445
vn 0.054941 -0.298872 -0.952710
vn 0.054941 -0.298872 -0.952710
vn 0.054941 -0.298872 -0.952710
vn 0.054941 -0.298872 -0.952710
vn 0.072145 0.040447 -0.996574
vn 0.072145 0.040447 -0.996574
vn 0.072145 0.040447 -0.996574
vn 0.072145 0.040447 -0.996574
vn 0.712018 -0.697425 -0.081421
vn 0.712018 -0.697425 -0.081421
vn 0.712018 -0.697425 -0.081421
vn 0.297423 0.946997 0.121397
vn 0.297423 0.946997 0.121397
vn 0.297423 0.946997 0.121397
vn 0.297423 0.946997 0.121397
vn 0.266633 0.842672 -0.467772
vn 0.266633 0.842672 -0.467772
vn 0.266633 0.842672 -0.467772
vn 0.266633 0.842672 -0.467772
vn 0.839821 0.508613 0.189773
vn 0.839821 0.508613 0.189773
vn 0.839821 0.508613 0.189773
vn 0.839821 0.508614 0.189773
vn 0.452944 0.838919 0.301757
vn 0.452944 0.838919 0.301757
vn 0.452944 0.838919 0.301757
vn 0.452944 0.838919 0.301757
vn 0.949796 -0.299283 -0.091195
vn 0.949796 -0.299283 -0.091195
vn 0.949796 -0.299283 -0.091195
vn 0.949796 -0.299283 -0.091195
vn 0.258457 -0.916668 -0.304828
vn 0.258457 -0.916668 -0.304828
vn 0.258457 -0.916668 -0.304828
vn 0.258457 -0.916668 -0.304828
vn 0.820393 0.419296 0.388776
vn 0.820393 0.419296 0.388776
vn 0.820393 0.419296 0.388776
vn 0.820393 0.419296 0.388776
vn 0.425153 0.672852 0.605406
vn 0.425153 0.672852 0.605406
vn 0.425153 0.672852 0.605406
vn 0.425153 0.672852 0.605406
vn 0.942611 -0.272002 -0.193648
vn 0.942611 -0.272002 -0.193648
vn 0.942611 -0.272002 -0.193648
vn 0.942611 -0.272002 -0.193648
vn 0.245406 -0.757656 -0.604759
vn 0.245407 -0.757656 -0.604759
vn 0.245406 -0.757656 -0.604759
vn 0.245406 -0.757656 -0.604759
vn 0.814826 0.256314 0.519963
vn 0.814826 0.256314 0.519963
vn 0.814826 0.256314 0.519963
vn 0.814826 0.256314 0.519963
vn 0.419901 0.396768 0.816246
vn 0.419901 0.396768 0.816246
vn 0.419901 0.396768 0.816246
vn 0.419901 0.396768 0.816246
vn 0.942198 -0.174605 -0.285964
vn 0.942198 -0.174605 -0.285964
vn 0.942198 -0.174605 -0.285964
vn 0.942198 -0.174605 -0.285964
vn 0.237330 -0.490139 -0.838712
vn 0.237330 -0.490139 -0.838712
vn 0.237330 -0.490139 -0.838712
vn 0.237330 -0.490139 -0.838712
vn 0.828895 0.144165 0.540509
vn 0.828895 0.144165 0.540509
vn 0.828895 0.144165 0.540509
vn 0.828895 0.144165 0.540509
vn 0.440974 0.219788 0.870192
vn 0.440975 0.219788 0.870192
vn 0.440974 0.219788 0.870192
vn 0.440974 0.219788 0.870192
vn 0.948026 -0.087533 -0.305916
vn 0.948026 -0.087533 -0.305917
vn 0.948026 -0.087533 -0.305917
vn 0.948026 -0.087533 -0.305917
vn 0.248557 -0.277075 -0.928143
vn 0.248557 -0.277075 -0.928143
vn 0.248557 -0.277075 -0.928143
vn 0.248557 -0.277075 -0.928143
vn 0.761484 0.516557 0.391549
vn 0.761484 0.516557 0.391549
vn 0.761484 0.516557 0.391549
vn 0.761484 0.516557 0.391549
vn 0.418458 0.557516 0.716986
vn 0.418458 0.557516 0.716986
vn 0.418458 0.557516 0.716986
vn 0.418458 0.557516 0.716986
vn 0.824331 0.424747 -0.374258
vn 0.824331 0.424747 -0.374258
vn 0.824331 0.424747 -0.374258
vn 0.824331 0.424747 -0.374258
vn 0.216314 0.332540 -0.917946
vn 0.216314 0.332540 -0.917946
vn 0.216314 0.332540 -0.917946
vn 0.216314 0.332540 -0.917946
vn 0.482093 0.863587 0.147662
vn 0.482093 0.863587 0.147662
vn 0.482093 0.863587 0.147662
vn 0.465074 0.542082 0.699895
vn 0.465074 0.542082 0.699895
vn 0.465074 0.542082 0.699895
vn 0.465074 0.542082 0.699895
vn 0.613267 0.585038 0.530693
vn 0.613267 0.585038 0.530693
vn 0.613267 0.585038 0.530693
vn 0.613267 0.585038 0.530693
vn 0.786088 0.575371 0.225863
vn 0.786088 0.575371 0.225863
vn 0.786088 0.575371 0.225863
vn 0.786088 0.575371 0.225863
vn 0.821166 0.531389 -0.208113
vn 0.821166 0.531389 -0.208113
vn 0.821166 0.531389 -0.208113
vn 0.821166 0.531389 -0.208113
vn 0.347424 -0.937206 0.030695
vn 0.347424 -0.937206 0.030695
vn 0.347424 -0.937206 0.030695
vn 0.347424 -0.937206 0.030695
vn 0.240711 -0.940507 0.239802
vn 0.240711 -0.940507 0.239802
vn 0.240711 -0.940507 0.239802
vn 0.240711 -0.940507 0.239802
vn 0.232280 -0.971729 0.042290
vn 0.232280 -0.971729 0.042290
vn 0.232280 -0.971729 0.042290
vn 0.232280 -0.971729 0.042290
vn 0.239393 -0.965226 -0.105025
vn 0.239393 -0.965226 -0.105025
vn 0.239393 -0.965226 -0.105025
vn 0.239393 -0.965226 -0.105025
vn 0.226148 -0.972884 0.048510
vn 0.226148 -0.972884 0.048510
vn 0.226148 -0.972884 0.048510
vn 0.226148 -0.972884 0.048510
vn 0.225219 -0.914877 0.335075
vn 0.225219 -0.914877 0.335075
vn 0.225219 -0.914877 0.335075
vn 0.225219 -0.914877 0.335075
vn 0.337649 0.934299 -0.114365
vn 0.337648 0.934299 -0.114365
vn 0.337648 0.934299 -0.114365
vn 0.337649 0.934299 -0.114365
vn 0.842929 0.523608 -0.123719
vn 0.842929 0.523608 -0.123719
vn 0.842929 0.523608 -0.123719
vn 0.842929 0.523608 -0.123719
vn 0.994688 0.100964 -0.020056
vn 0.994688 0.100964 -0.020056
vn 0.994688 0.100964 -0.020056
vn 0.994688 0.100964 -0.020056
vn 0.893160 -0.430315 0.130748
vn 0.893160 -0.430315 0.130748
vn 0.893160 -0.430315 0.130748
vn 0.893160 -0.430315 0.130748
vn 0.621061 -0.739645 0.259246
vn 0.621061 -0.739645 0.259246
vn 0.621061 -0.739645 0.259246
vn 0.621061 -0.739645 0.259246
vn 0.338959 -0.938758 0.061971
vn 0.338959 -0.938758 0.061971
vn 0.338959 -0.938758 0.061971
vn 0.338959 -0.938758 0.061971
vn 0.511409 -0.854366 0.092307
vn 0.511409 -0.854366 0.092307
vn 0.511409 -0.854366 0.092307
vn 0.511409 -0.854366 0.092307
vn 0.913929 -0.345082 0.213664
vn 0.913929 -0.345082 0.213664
vn 0.913929 -0.345082 0.213664
vn 0.913929 -0.345082 0.213664
vn 0.913792 0.263356 0.309237
vn 0.913792 0.263356 0.309237
vn 0.913792 0.263356 0.309237
vn 0.913792 0.263356 0.309237
vn 0.539992 0.748607 0.384702
vn 0.539992 0.748607 0.384702
vn 0.539992 0.748607 0.384702
vn 0.539992 0.748607 0.384702
vn 0.226158 0.882253 0.412895
vn 0.226158 0.882253 0.412895
vn 0.226158 0.882253 0.412895
vn 0.226158 0.882253 0.412895
vn -0.498664 0.861185 0.098464
vn -0.498664 0.861185 0.098464
vn -0.498664 0.861185 0.098464
vn -0.498664 0.861184 0.098464
vn 0.439356 0.258966 0.860176
vn 0.439356 0.258966 0.860176
vn 0.439356 0.258966 0.860176
vn 0.439356 0.258966 0.860176
vn 0.710298 -0.695647 -0.107482
vn 0.710298 -0.695647 -0.107483
vn 0.710298 -0.695647 -0.107483
vn 0.710298 -0.695647 -0.107483
vn 0.360960 0.269218 -0.892877
vn 0.360960 0.269218 -0.892877
vn 0.360960 0.269218 -0.892877
vn 0.360960 0.269218 -0.892877
vn -0.276703 0.955117 0.105770
vn -0.276703 0.955117 0.105770
vn -0.276703 0.955117 0.105770
vn -0.276703 0.955117 0.105770
vn 0.087147 0.069710 0.993753
vn 0.087147 0.069710 0.993753
vn 0.087147 0.069710 0.993753
vn 0.087147 0.069710 0.993753
vn 0.946474 -0.276958 -0.165776
vn 0.946474 -0.276958 -0.165776
vn 0.946474 -0.276958 -0.165776
vn 0.946474 -0.276958 -0.165776
vn 0.411427 0.317913 -0.854201
vn 0.411427 0.317913 -0.854201
vn 0.411427 0.317913 -0.854201
vn 0.411427 0.317913 -0.854201
vn -0.597598 -0.801417 0.024654
vn -0.597598 -0.801417 0.024654
vn -0.597598 -0.801417 0.024654
vn -0.324408 0.933006 0.155755
vn -0.324408 0.933006 0.155755
vn -0.324408 0.933006 0.155755
vn -0.324408 0.933006 0.155755
vn -0.952784 0.251212 0.170573
vn -0.952784 0.251212 0.170573
vn -0.952784 0.251212 0.170573
vn -0.952784 0.251212 0.170573
vn -0.919492 -0.371498 0.128544
vn -0.919492 -0.371498 0.128544
vn -0.919492 -0.371498 0.128544
vn -0.919492 -0.371498 0.128544
vn -0.458694 -0.837997 0.295569
vn -0.458694 -0.837997 0.295569
vn -0.458694 -0.837997 0.295569
vn -0.458694 -0.837997 0.295569
vn -0.219027 0.644180 0.732844
vn -0.219026 0.644180 0.732844
vn -0.219026 0.644180 0.732844
vn -0.219026 0.644180 0.732844
vn -0.789253 0.104450 0.605121
vn -0.789252 0.104450 0.605121
vn -0.789252 0.104450 0.605121
vn -0.789252 0.104450 0.605121
vn -0.797965 -0.378373 0.469134
vn -0.797965 -0.378373 0.469134
vn -0.797965 -0.378373 0.469134
vn -0.797965 -0.378373 0.469134
vn -0.621572 -0.281011 0.731219
vn -0.621572 -0.281011 0.731219
vn -0.621572 -0.281011 0.731219
vn -0.621572 -0.281011 0.731219
vn -0.553778 -0.682352 0.477205
vn -0.553778 -0.682352 0.477205
vn -0.553778 -0.682352 0.477205
vn -0.553778 -0.682352 0.477205
vn -0.264395 -0.953524 0.144525
vn -0.264395 -0.953524 0.144525
vn -0.264395 -0.953524 0.144525
vn -0.301083 0.790556 0.533264
vn -0.301083 0.790556 0.533264
vn -0.301083 0.790556 0.533264
vn -0.506220 -0.859281 0.073335
vn -0.506220 -0.859281 0.073335
vn -0.506220 -0.859281 0.073335
vn -0.506220 -0.859281 0.073335
vn -0.266350 0.728989 0.630581
vn -0.266350 0.728989 0.630581
vn -0.266350 0.728989 0.630581
vn -0.266350 0.728989 0.630581
vn -0.885783 0.211560 0.413074
vn -0.885783 0.211560 0.413074
vn -0.885783 0.211560 0.413074
vn -0.885783 0.211560 0.413074
vn -0.847628 -0.471198 0.243924
vn -0.847628 -0.471198 0.243924
vn -0.847628 -0.471198 0.243924
vn -0.847628 -0.471198 0.243924
vn -0.506192 -0.858447 -0.082693
vn -0.506192 -0.858448 -0.082693
vn -0.506192 -0.858448 -0.082693
vn -0.506192 -0.858447 -0.082693
vn -0.239633 0.935769 0.258673
vn -0.239633 0.935769 0.258673
vn -0.239633 0.935769 0.258673
vn -0.239633 0.935769 0.258673
vn -0.951693 0.298197 0.073208
vn -0.951693 0.298197 0.073208
vn -0.951693 0.298197 0.073208
vn -0.951693 0.298197 0.073208
vn -0.863249 -0.502036 -0.052544
vn -0.863249 -0.502036 -0.052544
vn -0.863249 -0.502036 -0.052544
vn -0.863249 -0.502036 -0.052544
vn -0.570273 -0.818694 -0.067300
vn -0.570273 -0.818694 -0.067300
vn -0.570273 -0.818694 -0.067300
vn -0.570273 -0.818694 -0.067300
vn -0.261395 0.965049 -0.018809
vn -0.261395 0.965049 -0.018809
vn -0.261395 0.965049 -0.018809
vn -0.261395 0.965049 -0.018809
vn -0.950506 0.221760 -0.217624
vn -0.950506 0.221760 -0.217624
vn -0.950506 0.221760 -0.217624
vn -0.950506 0.221760 -0.217624
vn -0.868908 -0.437062 -0.232325
vn -0.868908 -0.437062 -0.232325
vn -0.868908 -0.437062 -0.232325
vn -0.868908 -0.437062 -0.232325
vn 0.998587 0.031875 -0.042521
vn 0.998587 0.031875 -0.042521
vn 0.998587 0.031875 -0.042521
vn 0.998587 0.031875 -0.042521
vn 0.641161 0.114474 0.758821
vn 0.641161 0.114474 0.758821
vn 0.641161 0.114474 0.758821
vn 0.641161 0.114474 0.758821
vn -0.643832 0.088021 0.760088
vn -0.643832 0.088021 0.760088
vn -0.643832 0.088021 0.760088
vn -0.643832 0.088021 0.760088
vn -0.998951 -0.013216 -0.043847
vn -0.998951 -0.013216 -0.043847
vn -0.998951 -0.013216 -0.043847
vn -0.998951 -0.013216 -0.043847
vn -0.623177 -0.230994 -0.747189
vn -0.623177 -0.230994 -0.747189
vn -0.623177 -0.230994 -0.747189
vn -0.623177 -0.230994 -0.747189
vn 0.625363 -0.205128 -0.752890
vn 0.625363 -0.205128 -0.752890
vn 0.625363 -0.205128 -0.752890
vn 0.625363 -0.205128 -0.752890
vn 0.999265 -0.033147 0.019239
vn 0.999265 -0.033147 0.019239
vn 0.999265 -0.033147 0.019239
vn 0.999265 -0.033147 0.019239
vn 0.645730 -0.060220 0.761187
vn 0.645730 -0.060220 0.761187
vn 0.645730 -0.060220 0.761187
vn 0.645730 -0.060220 0.761187
vn -0.666795 -0.045928 0.743825
vn -0.666795 -0.045928 0.743825
vn -0.666795 -0.045928 0.743825
vn -0.666795 -0.045928 0.743825
vn -0.998877 -0.029267 0.037268
vn -0.998877 -0.029267 0.037268
vn -0.998877 -0.029267 0.037268
vn -0.998877 -0.029267 0.037268
vn -0.591298 -0.174235 -0.787407
vn -0.591298 -0.174235 -0.787407
vn -0.591298 -0.174235 -0.787407
vn -0.591298 -0.174235 -0.787407
vn 0.616056 -0.127087 -0.777383
vn 0.616056 -0.127087 -0.777383
vn 0.616056 -0.127087 -0.777383
vn 0.616056 -0.127087 -0.777383
vn -0.256696 -0.937067 0.236672
vn -0.256696 -0.937067 0.236672
vn -0.256696 -0.937067 0.236672
vn -0.256696 -0.937066 0.236672
vn 0.999342 -0.035657 -0.006712
vn 0.999342 -0.035657 -0.006712
vn 0.999342 -0.035657 -0.006712
vn 0.999342 -0.035657 -0.006712
vn 0.529854 -0.056644 0.846195
vn 0.529854 -0.056644 0.846195
vn 0.529854 -0.056644 0.846195
vn 0.529854 -0.056644 0.846195
vn -0.530557 -0.046896 0.846351
vn -0.530557 -0.046896 0.846351
vn -0.530557 -0.046896 0.846351
vn -0.530557 -0.046896 0.846351
vn -0.999701 -0.023202 -0.007783
vn -0.999701 -0.023202 -0.007783
vn -0.999701 -0.023202 -0.007783
vn -0.999701 -0.023202 -0.007783
vn -0.527136 -0.135048 -0.838981
vn -0.527136 -0.135048 -0.838981
vn -0.527136 -0.135048 -0.838981
vn -0.527136 -0.135048 -0.838982
vn 0.526818 -0.139422 -0.838465
vn 0.526818 -0.139422 -0.838465
vn 0.526818 -0.139422 -0.838465
vn 0.526818 -0.139422 -0.838465
vn 0.999804 0.014517 0.013435
vn 0.999804 0.014517 0.013435
vn 0.999804 0.014517 0.013435
vn 0.999804 0.014517 0.013435
vn 0.592425 -0.276351 0.756745
vn 0.592425 -0.276351 0.756745
vn 0.592425 -0.276351 0.756745
vn 0.592425 -0.276351 0.756745
vn -0.543065 -0.375755 0.750925
vn -0.543065 -0.375755 0.750925
vn -0.543065 -0.375755 0.750926
vn -0.543065 -0.375755 0.750925
vn -0.985919 -0.163123 -0.036796
vn -0.985919 -0.163123 -0.036796
vn -0.985919 -0.163123 -0.036796
vn -0.985919 -0.163123 -0.036796
vn -0.658521 -0.076130 -0.748702
vn -0.658521 -0.076130 -0.748702
vn -0.658521 -0.076130 -0.748702
vn -0.658521 -0.076130 -0.748702
vn 0.655944 0.033036 -0.754087
vn 0.655944 0.033036 -0.754086
vn 0.655944 0.033036 -0.754087
vn 0.655944 0.033036 -0.754086
vn 0.995944 -0.064236 0.063002
vn 0.995944 -0.064236 0.063002
vn 0.995944 -0.064236 0.063002
vn 0.995944 -0.064236 0.063002
vn 0.695877 -0.311886 0.646903
vn 0.695877 -0.311886 0.646903
vn 0.695877 -0.311886 0.646903
vn 0.695876 -0.311886 0.646903
vn -0.733503 -0.339644 0.588740
vn -0.733503 -0.339644 0.588740
vn -0.733503 -0.339644 0.588740
vn -0.733503 -0.339644 0.588740
vn -0.999548 0.019539 -0.022852
vn -0.999548 0.019539 -0.022852
vn -0.999548 0.019539 -0.022852
vn -0.999548 0.019539 -0.022852
vn -0.678185 0.107112 -0.727043
vn -0.678185 0.107112 -0.727043
vn -0.678185 0.107112 -0.727043
vn -0.678185 0.107112 -0.727043
vn 0.651248 0.087560 -0.753796
vn 0.651248 0.087560 -0.753796
vn 0.651248 0.087560 -0.753796
vn 0.651248 0.087560 -0.753796
vn 0.690673 0.241689 -0.681585
vn 0.690673 0.241689 -0.681585
vn 0.690673 0.241689 -0.681585
vn 0.690673 0.241689 -0.681585
vn 0.996902 -0.069379 0.037059
vn 0.996902 -0.069379 0.037059
vn 0.996902 -0.069379 0.037059
vn 0.996902 -0.069379 0.037059
vn 0.671715 -0.469696 0.572874
vn 0.671715 -0.469696 0.572874
vn 0.671715 -0.469696 0.572874
vn 0.671715 -0.469696 0.572874
vn -0.577570 -0.566927 0.587373
vn -0.577570 -0.566927 0.587373
vn -0.577570 -0.566927 0.587373
vn -0.577570 -0.566927 0.587373
vn -0.986228 -0.160002 -0.041875
vn -0.986228 -0.160002 -0.041875
vn -0.986228 -0.160002 -0.041875
vn -0.986228 -0.160002 -0.041875
vn -0.692550 0.189707 -0.695978
vn -0.692550 0.189706 -0.695978
vn -0.692550 0.189707 -0.695978
vn -0.692550 0.189707 -0.695978
vn 0.090361 -0.978906 -0.183243
vn 0.090361 -0.978906 -0.183243
vn 0.090361 -0.978906 -0.183243
vn 0.090361 -0.978906 -0.183243
vn -0.973132 0.196860 -0.119412
vn -0.973132 0.196860 -0.119412
vn -0.973132 0.196860 -0.119412
vn -0.973132 0.196860 -0.119412
vn -0.744587 0.604023 -0.284160
vn -0.744587 0.604023 -0.284160
vn -0.744587 0.604023 -0.284160
vn -0.744587 0.604023 -0.284160
vn -0.356074 0.884695 -0.300874
vn -0.356074 0.884695 -0.300874
vn -0.356074 0.884695 -0.300874
vn -0.356074 0.884695 -0.300874
vn 0.173778 -0.745673 -0.643251
vn 0.173778 -0.745673 -0.643251
vn 0.173778 -0.745674 -0.643251
vn 0.173778 -0.745674 -0.643251
vn -0.122925 -0.671537 -0.730704
vn -0.122925 -0.671537 -0.730704
vn -0.122925 -0.671537 -0.730704
vn -0.765451 0.220233 -0.604634
vn -0.765451 0.220233 -0.604634
vn -0.765451 0.220233 -0.604634
vn -0.765451 0.220233 -0.604634
vn -0.426091 0.070932 -0.901895
vn -0.426091 0.070932 -0.901895
vn -0.426091 0.070932 -0.901895
vn -0.426091 0.070932 -0.901895
vn -0.837356 -0.528995 0.137836
vn -0.837356 -0.528995 0.137836
vn -0.837356 -0.528995 0.137836
vn -0.955101 -0.286263 0.076396
vn -0.955101 -0.286263 0.076396
vn -0.955101 -0.286263 0.076397
vn -0.955101 -0.286263 0.076397
vn -0.982113 0.180803 0.052575
vn -0.982113 0.180803 0.052575
vn -0.982113 0.180803 0.052575
vn -0.982113 0.180803 0.052575
vn -0.821577 0.564965 -0.076323
vn -0.821577 0.564965 -0.076323
vn -0.821577 0.564965 -0.076323
vn -0.821577 0.564965 -0.076323
vn -0.318769 0.928459 -0.190660
vn -0.318769 0.928459 -0.190660
vn -0.318769 0.928458 -0.190660
vn -0.318769 0.928459 -0.190660
vn -0.069418 -0.996031 -0.055707
vn -0.069418 -0.996031 -0.055707
vn -0.069418 -0.996031 -0.055707
vn -0.069418 -0.996031 -0.055707
vn -0.856491 -0.516162 -0.000547
vn -0.856491 -0.516162 -0.000547
vn -0.856491 -0.516162 -0.000547
vn -0.856491 -0.516162 -0.000547
vn -0.974024 -0.224382 0.030509
vn -0.974024 -0.224382 0.030509
vn -0.974024 -0.224382 0.030509
vn -0.974024 -0.224382 0.030509
vn -0.987429 0.153264 0.038642
vn -0.987429 0.153264 0.038642
vn -0.987429 0.153264 0.038642
vn -0.987429 0.153264 0.038642
vn -0.888403 0.459032 -0.005470
vn -0.888403 0.459032 -0.005470
vn -0.888403 0.459032 -0.005470
vn -0.888403 0.459032 -0.005470
vn -0.331704 0.941851 -0.053752
vn -0.331704 0.941851 -0.053752
vn -0.331704 0.941851 -0.053752
vn -0.331704 0.941851 -0.053752
vn -0.264407 -0.957771 -0.112978
vn -0.264407 -0.957771 -0.112978
vn -0.264407 -0.957771 -0.112978
vn -0.264407 -0.957771 -0.112978
vn -0.823737 -0.560276 -0.086877
vn -0.823737 -0.560276 -0.086877
vn -0.823737 -0.560276 -0.086877
vn -0.823737 -0.560276 -0.086877
vn -0.969058 -0.218778 -0.114296
vn -0.969058 -0.218778 -0.114296
vn -0.969058 -0.218778 -0.114296
vn -0.969058 -0.218778 -0.114296
vn -0.986943 0.132028 -0.092261
vn -0.986943 0.132028 -0.092261
vn -0.986943 0.132028 -0.092261
vn -0.986943 0.132028 -0.092261
vn -0.878665 0.477360 0.008678
vn -0.878665 0.477360 0.008678
vn -0.878665 0.477360 0.008678
vn -0.878665 0.477360 0.008678
vn -0.349403 0.932180 0.094650
vn -0.349403 0.932180 0.094650
vn -0.349403 0.932180 0.094650
vn -0.349403 0.932180 0.094650
vn -0.354853 -0.929338 -0.102036
vn -0.354853 -0.929337 -0.102036
vn -0.354853 -0.929337 -0.102036
vn -0.354853 -0.929338 -0.102036
vn -0.297992 -0.952792 -0.058208
vn -0.297992 -0.952792 -0.058208
vn -0.297992 -0.952792 -0.058208
vn -0.297992 -0.952792 -0.058208
vn -0.673763 -0.730319 -0.112599
vn -0.673763 -0.730319 -0.112599
vn -0.673763 -0.730319 -0.112599
vn -0.673763 -0.730319 -0.112599
vn -0.921758 -0.329816 -0.203923
vn -0.921758 -0.329816 -0.203923
vn -0.921758 -0.329816 -0.203923
vn -0.921758 -0.329816 -0.203923
vn -0.843593 0.521737 0.127050
vn -0.843593 0.521737 0.127050
vn -0.843593 0.521737 0.127050
vn -0.843593 0.521737 0.127050
vn -0.367112 0.901735 0.228261
vn -0.367112 0.901735 0.228261
vn -0.367112 0.901735 0.228261
vn -0.367112 0.901735 0.228261
vn -0.987785 0.145183 -0.056598
vn -0.987785 0.145183 -0.056598
vn -0.987785 0.145183 -0.056598
vn -0.987785 0.145183 -0.056598
vn -0.844433 0.508591 0.168132
vn -0.844433 0.508591 0.168132
vn -0.844433 0.508591 0.168132
vn -0.844433 0.508591 0.168132
vn -0.374345 0.909263 0.181954
vn -0.374345 0.909263 0.181954
vn -0.374345 0.909263 0.181954
vn -0.374345 0.909263 0.181954
vn -0.977630 0.129951 0.165383
vn -0.977630 0.129951 0.165383
vn -0.977630 0.129951 0.165383
vn -0.977630 0.129951 0.165383
vn -0.318803 -0.564520 0.761369
vn -0.318803 -0.564520 0.761369
vn -0.318803 -0.564520 0.761369
vn -0.318803 -0.564520 0.761369
vn -0.798287 -0.273666 0.536512
vn -0.798287 -0.273666 0.536512
vn -0.798287 -0.273666 0.536512
vn -0.798287 -0.273666 0.536512
vn -0.140966 -0.659202 0.738635
vn -0.140966 -0.659202 0.738635
vn -0.140966 -0.659202 0.738635
vn -0.140966 -0.659202 0.738635
vn -0.875663 0.481970 0.030316
vn -0.875663 0.481970 0.030316
vn -0.875663 0.481970 0.030316
vn -0.875663 0.481970 0.030316
vn -0.376168 0.924964 -0.054208
vn -0.376168 0.924964 -0.054208
vn -0.376168 0.924964 -0.054208
vn -0.376168 0.924964 -0.054208
vn -0.973463 0.094107 0.208600
vn -0.973463 0.094107 0.208600
vn -0.973463 0.094107 0.208600
vn -0.973463 0.094107 0.208600
vn -0.375888 0.920352 -0.107984
vn -0.375889 0.920352 -0.107984
vn -0.375889 0.920352 -0.107984
vn -0.375888 0.920352 -0.107984
vn -0.875424 0.483329 0.005139
vn -0.875424 0.483329 0.005139
vn -0.875424 0.483329 0.005139
vn -0.875424 0.483329 0.005139
vn -0.990202 0.067451 0.122268
vn -0.990203 0.067451 0.122268
vn -0.990203 0.067451 0.122268
vn -0.990202 0.067451 0.122268
vn -0.848461 -0.384231 0.363980
vn -0.848461 -0.384231 0.363980
vn -0.848461 -0.384231 0.363980
vn -0.848461 -0.384231 0.363980
vn -0.539044 -0.653173 0.531787
vn -0.539044 -0.653173 0.531787
vn -0.539044 -0.653173 0.531787
vn -0.539044 -0.653173 0.531787
vn -0.186935 -0.784024 0.591914
vn -0.186935 -0.784024 0.591914
vn -0.186935 -0.784024 0.591914
vn -0.186935 -0.784024 0.591914
vn 0.987725 0.112445 -0.108427
vn 0.987724 0.112445 -0.108427
vn 0.987725 0.112445 -0.108427
vn 0.987724 0.112445 -0.108427
vn 0.379890 0.854461 0.354372
vn 0.379890 0.854461 0.354372
vn 0.379890 0.854461 0.354372
vn 0.379890 0.854461 0.354372
vn -0.402509 0.826888 0.392739
vn -0.402509 0.826888 0.392739
vn -0.402509 0.826888 0.392739
vn -0.402509 0.826888 0.392739
vn -0.997081 -0.006662 -0.076055
vn -0.997081 -0.006662 -0.076055
vn -0.997081 -0.006662 -0.076055
vn -0.997081 -0.006662 -0.076055
vn -0.582476 -0.251029 -0.773115
vn -0.582476 -0.251029 -0.773115
vn -0.582476 -0.251029 -0.773115
vn -0.582476 -0.251029 -0.773115
vn 0.588118 -0.185166 -0.787294
vn 0.588118 -0.185166 -0.787294
vn 0.588118 -0.185166 -0.787294
vn 0.588118 -0.185166 -0.787294
vn 0.964378 0.205008 -0.167171
vn 0.964378 0.205008 -0.167171
vn 0.964378 0.205008 -0.167171
vn 0.964378 0.205008 -0.167171
vn 0.283263 0.926701 0.246955
vn 0.283264 0.926701 0.246955
vn 0.283264 0.926701 0.246955
vn 0.283263 0.926701 0.246955
vn -0.311579 0.905875 0.286896
vn -0.311579 0.905875 0.286896
vn -0.311579 0.905875 0.286896
vn -0.311579 0.905875 0.286896
vn -0.980581 0.134003 -0.143194
vn -0.980581 0.134003 -0.143194
vn -0.980581 0.134003 -0.143194
vn -0.980581 0.134003 -0.143194
vn 0.001953 -0.999997 0.001751
vn 0.001953 -0.999997 0.001751
vn 0.001953 -0.999997 0.001751
vn 0.001953 -0.999997 0.001751
vn 0.000159 -1.000000 0.000663
vn 0.000159 -1.000000 0.000663
vn 0.000159 -1.000000 0.000663
vn 0.000159 -1.000000 0.000663
vn 0.409671 0.255241 0.875798
vn 0.409671 0.255241 0.875798
vn 0.409671 0.255241 0.875798
vn 0.409671 0.255241 0.875798
vn -0.394439 0.278829 0.875599
vn -0.394439 0.278829 0.875599
vn -0.394439 0.278829 0.875599
vn -0.394439 0.278829 0.875599
vn -0.978142 0.202789 0.045993
vn -0.978142 0.202789 0.045993
vn -0.978142 0.202789 0.045993
vn -0.978142 0.202789 0.045993
vn 0.000000 -1.000000 0.000000
vn 0.000000 -1.000000 0.000000
vn 0.000000 -1.000000 0.000000
vn 0.000000 -1.000000 0.000000
vn 0.000000 -1.000000 0.000000
vn 0.000000 -1.000000 0.000000
vn 0.000000 -1.000000 0.000000
vn 0.000000 -1.000000 0.000000
vn 0.973932 0.226231 0.016623
vn 0.973932 0.226231 0.016623
vn 0.973932 0.226231 0.016623
vn 0.973932 0.226231 0.016623
vn 0.260727 0.910603 0.320661
vn 0.260727 0.910603 0.320661
vn 0.260727 0.910603 0.320661
vn 0.260727 0.910603 0.320661
vn -0.284902 0.901979 0.324446
vn -0.284902 0.901979 0.324446
vn -0.284902 0.901979 0.324446
vn -0.284902 0.901979 0.324446
vn 0.993248 0.068468 -0.093648
vn 0.993248 0.068468 -0.093648
vn 0.993248 0.068468 -0.093648
vn 0.993248 0.068468 -0.093648
vn 0.457437 0.810391 0.366085
vn 0.457437 0.810391 0.366085
vn 0.457437 0.810391 0.366085
vn 0.457437 0.810391 0.366085
vn -0.458844 0.808365 0.368794
vn -0.458844 0.808365 0.368794
vn -0.458843 0.808365 0.368794
vn -0.458844 0.808365 0.368794
vn -0.993766 0.064713 -0.090781
vn -0.993766 0.064713 -0.090781
vn -0.993766 0.064713 -0.090781
vn -0.993766 0.064713 -0.090781
vn -0.592576 -0.288732 -0.751989
vn -0.592576 -0.288732 -0.751989
vn -0.592576 -0.288732 -0.751989
vn -0.592576 -0.288732 -0.751989
vn 0.592645 -0.286513 -0.752783
vn 0.592645 -0.286513 -0.752783
vn 0.592645 -0.286514 -0.752783
vn 0.592645 -0.286513 -0.752783
vn 0.974968 0.136876 -0.175222
vn 0.974968 0.136876 -0.175222
vn 0.974968 0.136876 -0.175222
vn 0.974968 0.136876 -0.175222
vn 0.403332 0.885366 0.231194
vn 0.403333 0.885366 0.231194
vn 0.403332 0.885366 0.231194
vn 0.403332 0.885366 0.231194
vn -0.404266 0.884820 0.231652
vn -0.404266 0.884820 0.231652
vn -0.404266 0.884820 0.231652
vn -0.404266 0.884820 0.231652
vn -0.975116 0.137702 -0.173745
vn -0.975116 0.137702 -0.173745
vn -0.975116 0.137702 -0.173745
vn -0.975116 0.137702 -0.173745
vn 0.000000 -1.000000 0.000000
vn 0.000000 -1.000000 0.000000
vn 0.000000 -1.000000 0.000000
vn 0.000000 -1.000000 0.000000
vn -0.001282 -0.999999 0.000660
vn -0.001282 -0.999999 0.000660
vn -0.001282 -0.999999 0.000660
vn -0.001282 -0.999999 0.000660
vn 0.483557 0.154298 0.861606
vn 0.483557 0.154298 0.861606
vn 0.483557 0.154298 0.861606
vn 0.483557 0.154298 0.861606
vn -0.484582 0.156202 0.860687
vn -0.484582 0.156202 0.860686
vn -0.484582 0.156202 0.860687
vn -0.484582 0.156202 0.860686
vn -0.975266 0.220978 0.005053
vn -0.975266 0.220978 0.005053
vn -0.975266 0.220978 0.005053
vn -0.975266 0.220978 0.005053
vn 0.000000 -1.000000 0.000000
vn 0.000000 -1.000000 0.000000
vn 0.000000 -1.000000 0.000000
vn 0.000000 -1.000000 0.000000
vn 0.000000 -1.000000 0.000000
vn 0.000000 -1.000000 0.000000
vn 0.000000 -1.000000 0.000000
vn 0.000000 -1.000000 0.000000
vn 0.976451 0.215708 0.003661
vn 0.976451 0.215708 0.003661
vn 0.976451 0.215708 0.003661
vn 0.976451 0.215708 0.003661
vn 0.265081 0.953266 0.144967
vn 0.265081 0.953266 0.144967
vn 0.265081 0.953266 0.144967
vn 0.265081 0.953266 0.144967
vn -0.266536 0.952808 0.145310
vn -0.266536 0.952808 0.145310
vn -0.266536 0.952808 0.145310
vn -0.266536 0.952808 0.145310
vn -0.390258 0.837276 -0.382972
vn -0.390258 0.837276 -0.382972
vn -0.390258 0.837276 -0.382972
vn -0.390258 0.837276 -0.382972
vn -0.668893 0.553171 -0.496572
vn -0.668893 0.553171 -0.496572
vn -0.668893 0.553171 -0.496572
vn -0.428719 0.059298 -0.901490
vn -0.428719 0.059298 -0.901490
vn -0.428719 0.059298 -0.901490
vn -0.987597 -0.079151 0.135601
vn -0.987597 -0.079151 0.135601
vn -0.987597 -0.079151 0.135601
vn -0.987597 -0.079151 0.135601
vn -0.691519 -0.161326 0.704113
vn -0.691519 -0.161326 0.704113
vn -0.691519 -0.161326 0.704113
vn -0.691519 -0.161326 0.704113
vn 0.101474 -0.324155 0.940546
vn 0.101474 -0.324155 0.940546
vn 0.101474 -0.324155 0.940546
vn 0.101474 -0.324155 0.940546
vn 0.997000 -0.069783 0.033479
vn 0.997000 -0.069783 0.033479
vn 0.997000 -0.069783 0.033479
vn 0.997000 -0.069783 0.033479
vn 0.670736 0.059132 -0.739335
vn 0.670736 0.059132 -0.739335
vn 0.670736 0.059132 -0.739335
vn 0.670736 0.059132 -0.739335
vn -0.623032 -0.141715 -0.769252
vn -0.623032 -0.141715 -0.769251
vn -0.623032 -0.141715 -0.769252
vn -0.623032 -0.141715 -0.769251
vn -0.983691 -0.158167 0.085650
vn -0.983691 -0.158167 0.085650
vn -0.983691 -0.158167 0.085650
vn -0.983691 -0.158167 0.085650
vn -0.633496 -0.167476 0.755403
vn -0.633496 -0.167476 0.755403
vn -0.633496 -0.167476 0.755403
vn -0.633496 -0.167476 0.755403
vn 0.456640 -0.201938 0.866430
vn 0.456640 -0.201938 0.866430
vn 0.456640 -0.201938 0.866430
vn 0.456640 -0.201938 0.866430
vn 0.995448 -0.083606 0.045761
vn 0.995448 -0.083606 0.045761
vn 0.995448 -0.083606 0.045761
vn 0.995448 -0.083606 0.045761
vn 0.579986 -0.069984 -0.811615
vn 0.579986 -0.069984 -0.811615
vn 0.579986 -0.069984 -0.811615
vn 0.579986 -0.069984 -0.811615
vn -0.528201 -0.116475 -0.841093
vn -0.528201 -0.116475 -0.841093
vn -0.528201 -0.116475 -0.841093
vn -0.528201 -0.116475 -0.841093
vn -0.760355 -0.114138 0.639401
vn -0.760355 -0.114138 0.639401
vn -0.760355 -0.114138 0.639401
vn -0.760355 -0.114138 0.639401
vn 0.642414 -0.361596 0.675687
vn 0.642414 -0.361596 0.675687
vn 0.642414 -0.361596 0.675687
vn 0.642414 -0.361596 0.675687
vn 0.986368 -0.150384 0.066800
vn 0.986368 -0.150384 0.066800
vn 0.986368 -0.150384 0.066800
vn 0.986368 -0.150384 0.066800
vn 0.622015 -0.085880 -0.778282
vn 0.622015 -0.085880 -0.778282
vn 0.622015 -0.085880 -0.778282
vn 0.622015 -0.085880 -0.778282
vn -0.674201 0.131108 -0.726817
vn -0.674201 0.131108 -0.726817
vn -0.674201 0.131108 -0.726817
vn -0.674201 0.131108 -0.726817
vn -0.995417 0.082100 -0.049036
vn -0.995417 0.082100 -0.049036
vn -0.995417 0.082100 -0.049036
vn -0.995417 0.082100 -0.049036
vn -0.717689 0.426331 -0.550604
vn -0.717689 0.426331 -0.550604
vn -0.717689 0.426331 -0.550604
vn -0.717689 0.426331 -0.550604
vn -0.796584 -0.066133 -0.600900
vn -0.796584 -0.066133 -0.600900
vn -0.796584 -0.066133 -0.600900
vn -0.310013 -0.146065 -0.939445
vn -0.310013 -0.146065 -0.939445
vn -0.310013 -0.146065 -0.939445
vn -0.310013 -0.146065 -0.939445
vn -0.054941 -0.298872 -0.952710
vn -0.054941 -0.298872 -0.952710
vn -0.054941 -0.298872 -0.952710
vn -0.054941 -0.298872 -0.952710
vn -0.072145 0.040447 -0.996574
vn -0.072145 0.040447 -0.996574
vn -0.072145 0.040447 -0.996574
vn -0.072145 0.040447 -0.996574
vn -0.712018 -0.697425 -0.081421
vn -0.712018 -0.697425 -0.081421
vn -0.712018 -0.697425 -0.081421
vn -0.297423 0.946997 0.121394
vn -0.297423 0.946997 0.121394
vn -0.297423 0.946997 0.121394
vn -0.297423 0.946997 0.121394
vn -0.266632 0.842671 -0.467774
vn -0.266632 0.842671 -0.467774
vn -0.266632 0.842671 -0.467774
vn -0.266632 0.842671 -0.467774
vn -0.839845 0.508583 0.189745
vn -0.839845 0.508583 0.189745
vn -0.839845 0.508583 0.189745
vn -0.839845 0.508583 0.189745
vn -0.452944 0.838919 0.301757
vn -0.452944 0.838919 0.301757
vn -0.452944 0.838919 0.301757
vn -0.452944 0.838919 0.301757
vn -0.949799 -0.299273 -0.091197
vn -0.949799 -0.299273 -0.091197
vn -0.949799 -0.299273 -0.091197
vn -0.949799 -0.299273 -0.091197
vn -0.258456 -0.916668 -0.304828
vn -0.258456 -0.916668 -0.304828
vn -0.258456 -0.916668 -0.304828
vn -0.258456 -0.916668 -0.304828
vn -0.820430 0.419246 0.388752
vn -0.820430 0.419246 0.388752
vn -0.820430 0.419246 0.388752
vn -0.820430 0.419246 0.388752
vn -0.425152 0.672852 0.605406
vn -0.425152 0.672852 0.605406
vn -0.425152 0.672852 0.605406
vn -0.425153 0.672852 0.605406
vn -0.942611 -0.272002 -0.193648
vn -0.942611 -0.272002 -0.193648
vn -0.942611 -0.272002 -0.193648
vn -0.942611 -0.272002 -0.193648
vn -0.245406 -0.757656 -0.604759
vn -0.245406 -0.757656 -0.604759
vn -0.245406 -0.757656 -0.604759
vn -0.245406 -0.757656 -0.604759
vn -0.814826 0.256314 0.519963
vn -0.814826 0.256314 0.519963
vn -0.814826 0.256314 0.519963
vn -0.814826 0.256314 0.519963
vn -0.419901 0.396768 0.816246
vn -0.419901 0.396768 0.816246
vn -0.419901 0.396768 0.816246
vn -0.419901 0.396769 0.816246
vn -0.942198 -0.174605 -0.285964
vn -0.942198 -0.174605 -0.285964
vn -0.942198 -0.174605 -0.285964
vn -0.942198 -0.174605 -0.285965
vn -0.237330 -0.490139 -0.838712
vn -0.237330 -0.490139 -0.838712
vn -0.237330 -0.490139 -0.838712
vn -0.237330 -0.490139 -0.838712
vn -0.828895 0.144165 0.540509
vn -0.828895 0.144165 0.540509
vn -0.828895 0.144165 0.540509
vn -0.828895 0.144165 0.540509
vn -0.440975 0.219788 0.870192
vn -0.440975 0.219788 0.870192
vn -0.440975 0.219788 0.870192
vn -0.440975 0.219788 0.870192
vn -0.948026 -0.087533 -0.305917
vn -0.948026 -0.087533 -0.305917
vn -0.948026 -0.087533 -0.305917
vn -0.948026 -0.087533 -0.305917
vn -0.248557 -0.277075 -0.928143
vn -0.248557 -0.277075 -0.928143
vn -0.248557 -0.277075 -0.928143
vn -0.248557 -0.277075 -0.928143
vn -0.761485 0.516556 0.391549
vn -0.761485 0.516556 0.391549
vn -0.761485 0.516556 0.391549
vn -0.761485 0.516556 0.391549
vn -0.418457 0.557515 0.716987
vn -0.418457 0.557515 0.716987
vn -0.418457 0.557515 0.716987
vn -0.418457 0.557515 0.716987
vn -0.824331 0.424747 -0.374258
vn -0.824331 0.424747 -0.374258
vn -0.824331 0.424747 -0.374258
vn -0.824331 0.424747 -0.374258
vn -0.216315 0.332539 -0.917946
vn -0.216315 0.332539 -0.917946
vn -0.216315 0.332539 -0.917946
vn -0.216315 0.332539 -0.917946
vn -0.482093 0.863587 0.147663
vn -0.482093 0.863587 0.147663
vn -0.482093 0.863587 0.147663
vn -0.465073 0.542082 0.699895
vn -0.465073 0.542082 0.699895
vn -0.465073 0.542082 0.699895
vn -0.465073 0.542082 0.699895
vn -0.613267 0.585038 0.530693
vn -0.613267 0.585038 0.530693
vn -0.613267 0.585038 0.530693
vn -0.613267 0.585038 0.530693
vn -0.786088 0.575371 0.225863
vn -0.786088 0.575371 0.225863
vn -0.786088 0.575371 0.225863
vn -0.786088 0.575371 0.225863
vn -0.821166 0.531390 -0.208113
vn -0.821166 0.531390 -0.208113
vn -0.821166 0.531390 -0.208113
vn -0.821166 0.531390 -0.208113
vn -0.347424 -0.937206 0.030694
vn -0.347424 -0.937206 0.030694
vn -0.347424 -0.937206 0.030694
vn -0.347424 -0.937206 0.030694
vn -0.240711 -0.940507 0.239803
vn -0.240711 -0.940507 0.239803
vn -0.240711 -0.940507 0.239803
vn -0.240711 -0.940507 0.239803
vn -0.232280 -0.971729 0.042288
vn -0.232280 -0.971729 0.042288
vn -0.232280 -0.971729 0.042288
vn -0.232280 -0.971729 0.042288
vn -0.239393 -0.965226 -0.105025
vn -0.239393 -0.965226 -0.105026
vn -0.239393 -0.965226 -0.105026
vn -0.239393 -0.965226 -0.105026
vn -0.226148 -0.972884 0.048511
vn -0.226148 -0.972884 0.048511
vn -0.226148 -0.972884 0.048511
vn -0.226148 -0.972884 0.048511
vn -0.225219 -0.914877 0.335075
vn -0.225219 -0.914877 0.335075
vn -0.225219 -0.914877 0.335075
vn -0.225219 -0.914877 0.335075
vn -0.337649 0.934299 -0.114365
vn -0.337649 0.934299 -0.114365
vn -0.337649 0.934299 -0.114365
vn -0.337648 0.934299 -0.114365
vn -0.842929 0.523607 -0.123718
vn -0.842929 0.523607 -0.123718
vn -0.842929 0.523607 -0.123719
vn -0.842929 0.523607 -0.123718
vn -0.994688 0.100964 -0.020056
vn -0.994688 0.100964 -0.020056
vn -0.994688 0.100964 -0.020056
vn -0.994688 0.100964 -0.020056
vn -0.893160 -0.430315 0.130748
vn -0.893160 -0.430315 0.130748
vn -0.893160 -0.430315 0.130748
vn -0.893160 -0.430315 0.130748
vn -0.621061 -0.739645 0.259246
vn -0.621061 -0.739645 0.259246
vn -0.621061 -0.739645 0.259246
vn -0.621061 -0.739645 0.259246
vn -0.338959 -0.938758 0.061971
vn -0.338959 -0.938758 0.061971
vn -0.338959 -0.938758 0.061971
vn -0.338959 -0.938758 0.061971
vn -0.511409 -0.854366 0.092306
vn -0.511409 -0.854366 0.092306
vn -0.511409 -0.854366 0.092306
vn -0.511409 -0.854366 0.092306
vn -0.913929 -0.345082 0.213665
vn -0.913929 -0.345082 0.213665
vn -0.913929 -0.345082 0.213665
vn -0.913929 -0.345082 0.213665
vn -0.913792 0.263356 0.309237
vn -0.913792 0.263356 0.309237
vn -0.913792 0.263356 0.309237
vn -0.913792 0.263356 0.309237
vn -0.539992 0.748607 0.384701
vn -0.539992 0.748607 0.384701
vn -0.539992 0.748607 0.384701
vn -0.539992 0.748607 0.384702
vn -0.226158 0.882253 0.412894
vn -0.226158 0.882253 0.412894
vn -0.226158 0.882253 0.412894
vn -0.226158 0.882253 0.412894
vn 0.498664 0.861185 0.098465
vn 0.498664 0.861185 0.098465
vn 0.498664 0.861185 0.098465
vn 0.498664 0.861185 0.098465
vn -0.439356 0.258966 0.860176
vn -0.439356 0.258966 0.860176
vn -0.439356 0.258966 0.860176
vn -0.439356 0.258966 0.860176
vn -0.710298 -0.695647 -0.107483
vn -0.710298 -0.695647 -0.107483
vn -0.710298 -0.695647 -0.107483
vn -0.710298 -0.695647 -0.107483
vn -0.360960 0.269218 -0.892877
vn -0.360960 0.269218 -0.892877
vn -0.360960 0.269218 -0.892877
vn -0.360960 0.269218 -0.892877
vn 0.276703 0.955117 0.105769
vn 0.276703 0.955117 0.105769
vn 0.276703 0.955117 0.105769
vn 0.276703 0.955117 0.105769
vn -0.087147 0.069710 0.993753
vn -0.087147 0.069710 0.993753
vn -0.087147 0.069710 0.993753
vn -0.087147 0.069710 0.993753
vn -0.946474 -0.276958 -0.165776
vn -0.946474 -0.276958 -0.165776
vn -0.946474 -0.276958 -0.165776
vn -0.946474 -0.276958 -0.165776
vn -0.411427 0.317912 -0.854201
vn -0.411427 0.317912 -0.854201
vn -0.411427 0.317912 -0.854201
vn -0.411427 0.317912 -0.854201
s off
g Coati_mesh
usemtl Coati_mat
f 1/1/1 235/2/2 236/3/3
f 3/4/4 4/5/5 239/6/6 240/7/7
f 4/5/8 5/8/9 237/9/10 238/10/11
f 5/8/12 1/1/13 236/3/14 237/9/15
f 6/11/16 229/12/17 230/13/18 11/14/19
f 8/15/20 224/16/21 225/17/22 13/18/23
f 9/19/24 10/20/25 15/21/26 14/22/27
f 10/20/28 6/11/29 11/14/30 15/21/31
f 4/5/32 18/23/33 16/24/34 5/8/35
f 16/24/36 17/25/37 1/1/38 5/8/39
f 1/1/40 17/25/41 2/26/42
f 3/4/43 18/23/44 4/5/45
f 11/14/46 230/13/47 231/27/48 19/28/49
f 13/18/50 225/17/51 226/29/52 21/30/53
f 14/22/54 15/21/55 23/31/56 22/32/57
f 15/21/58 11/14/59 19/28/60 23/31/61
f 19/28/62 231/27/63 232/33/64 24/34/65
f 21/30/66 226/29/67 227/280/68 26/36/69
f 22/32/70 23/31/71 28/37/72 27/283/73
f 23/31/74 19/28/75 24/34/76 28/37/77
f 24/34/78 232/33/79 233/39/80 29/40/81
f 26/36/82 227/280/83 228/281/84 31/42/85
f 27/283/86 28/37/87 33/43/88 32/282/89
f 28/37/90 24/34/91 29/40/92 33/43/93
f 43/273/94 44/46/95 50/47/96 49/48/97
f 44/46/98 45/49/99 51/50/100 50/47/101
f 45/49/102 46/51/103 52/52/104 51/50/105
f 46/51/106 47/53/107 53/54/108 52/52/109
f 47/53/110 48/55/111 54/56/112 53/54/113
f 48/55/114 43/45/115 49/279/116 54/56/117
f 50/47/118 179/57/119 180/58/120 49/48/121
f 51/50/122 178/59/123 179/57/124 50/47/125
f 52/52/126 177/60/127 178/59/128 51/50/129
f 53/54/130 176/61/131 177/60/132 52/52/133
f 54/56/134 181/62/135 176/61/136 53/54/137
f 49/279/138 180/252/139 181/62/140 54/56/141
f 62/63/142 61/64/143 55/253/144 56/66/145
f 63/263/146 64/68/147 70/69/148 69/70/149
f 64/68/150 65/71/151 71/72/152 70/69/153
f 65/71/154 66/73/155 72/74/156 71/72/157
f 66/73/158 67/75/159 73/76/160 72/74/161
f 67/75/162 68/77/163 74/78/164 73/76/165
f 68/77/166 63/67/167 69/276/168 74/78/169
f 69/70/170 70/69/171 88/79/172 87/275/173
f 70/69/174 71/72/175 89/81/176 88/79/177
f 71/72/178 72/74/179 90/82/180 89/81/181
f 72/74/182 73/76/183 91/83/184 90/82/185
f 73/76/186 74/78/187 92/84/188 91/83/189
f 74/78/190 69/276/191 87/80/192 92/84/193
f 75/277/194 76/86/195 191/87/196 192/88/197
f 76/86/198 77/89/199 190/90/200 191/87/201
f 77/89/202 78/91/203 189/92/204 190/90/205
f 78/91/206 79/93/207 194/94/208 189/92/209
f 79/93/210 80/95/211 193/96/212 194/94/213
f 80/95/214 75/85/215 192/250/216 193/96/217
f 92/84/218 87/80/219 75/85/220 80/95/221
f 87/275/222 88/79/223 76/86/224 75/277/225
f 88/79/226 89/81/227 77/89/228 76/86/229
f 89/81/230 90/82/231 78/91/232 77/89/233
f 90/82/234 91/83/235 79/93/236 78/91/237
f 91/83/238 92/84/239 80/95/240 79/93/241
f 94/97/242 93/98/243 81/249/244 82/100/245
f 97/101/246 98/102/247 84/103/248 85/104/249
f 98/102/250 97/101/251 99/105/252 100/106/253
f 100/106/254 99/105/255 96/107/256 95/108/257
f 102/109/258 81/99/259 93/274/260 101/110/261
f 86/111/262 81/99/263 102/109/264
f 103/112/265 97/101/266 85/104/267 195/113/268
f 103/112/269 195/113/270 196/114/271 36/115/272
f 105/116/273 83/117/274 106/118/275
f 83/117/276 84/103/277 107/119/278 106/118/279
f 98/102/280 108/120/281 107/119/282 84/103/283
f 98/102/284 100/106/285 109/121/286 108/120/287
f 100/106/288 95/108/289 110/122/290 109/121/291
f 94/97/292 82/100/293 105/116/294 111/123/295
f 105/116/296 106/118/297 113/124/298 112/125/299
f 106/118/300 107/119/301 114/126/302 113/124/303
f 108/120/304 115/127/305 114/126/306 107/119/307
f 108/120/308 109/121/309 116/128/310 115/127/311
f 109/121/312 110/122/313 117/129/314 116/128/315
f 111/123/316 105/116/317 112/125/318 118/130/319
f 112/125/320 113/124/321 120/131/322 119/132/323
f 113/124/324 114/126/325 121/133/326 120/131/327
f 115/127/328 122/134/329 121/133/330 114/126/331
f 115/127/332 116/128/333 123/135/334 122/134/335
f 116/128/336 117/129/337 124/136/338 123/135/339
f 118/130/340 112/125/341 119/132/342 125/137/343
f 55/65/344 61/278/345 125/137/346 119/132/347
f 119/132/348 120/131/349 60/138/350 55/65/351
f 120/131/352 121/133/353 59/139/354 60/138/355
f 122/134/356 123/135/357 127/140/358 126/141/359
f 123/135/360 124/136/361 128/142/362 127/140/363
f 122/134/364 126/141/365 59/139/366 121/133/367
f 126/141/368 127/140/369 130/143/370 129/144/371
f 127/140/372 128/142/373 131/145/374 130/143/375
f 126/141/376 129/144/377 58/146/378 59/139/379
f 56/66/380 57/147/381 184/148/382 185/149/383
f 57/147/384 58/146/385 183/150/386 184/148/387
f 186/151/388 62/63/389 56/66/390 185/149/391
f 129/144/392 130/143/393 188/152/394 182/153/395
f 130/143/396 131/145/397 187/154/398 188/152/399
f 58/146/400 129/144/401 182/153/402 183/150/403
f 39/155/404 132/156/405 188/152/406 187/154/407
f 132/156/408 197/157/409 182/153/410 188/152/411
f 197/157/412 42/158/413 183/150/414 182/153/415
f 42/158/416 41/159/417 184/148/418 183/150/419
f 41/159/420 133/160/421 185/149/422 184/148/423
f 133/160/424 40/161/425 186/151/426 185/149/427
f 44/46/428 43/273/429 134/271/430 135/163/431
f 45/49/432 44/46/433 135/163/434 136/164/435
f 46/51/436 45/49/437 136/164/438 137/165/439
f 47/53/440 46/51/441 137/165/442 138/166/443
f 48/55/444 47/53/445 138/166/446 139/272/447
f 43/45/448 48/55/449 139/272/450 134/270/451
f 135/163/452 134/271/453 149/265/454 150/169/455
f 136/164/456 135/163/457 150/169/458 151/170/459
f 137/165/460 136/164/461 151/170/462 146/171/463
f 138/166/464 137/165/465 146/171/466 147/172/467
f 139/167/468 138/269/469 147/267/470 148/173/471
f 134/162/472 139/167/473 148/173/474 149/168/475
f 140/174/476 145/268/477 142/176/478 141/177/479
f 143/178/480 142/176/481 145/268/482 144/266/483
f 147/172/484 146/171/485 143/178/486 144/266/487
f 148/173/488 147/267/489 144/179/490 145/175/491
f 149/168/492 148/173/493 145/175/494 140/264/495
f 150/169/496 149/265/497 140/174/498 141/177/499
f 151/170/500 150/169/501 141/177/502 142/176/503
f 146/171/504 151/170/505 142/176/506 143/178/507
f 64/68/508 63/263/509 152/261/510 153/181/511
f 65/71/512 64/68/513 153/181/514 154/182/515
f 66/73/516 65/71/517 154/182/518 155/183/519
f 67/75/520 66/73/521 155/183/522 156/184/523
f 68/77/524 67/75/525 156/184/526 157/262/527
f 63/67/528 68/77/529 157/262/530 152/260/531
f 153/181/532 152/261/533 167/255/534 168/187/535
f 154/182/536 153/181/537 168/187/538 169/188/539
f 155/183/540 154/182/541 169/188/542 164/189/543
f 156/184/544 155/183/545 164/189/546 165/190/547
f 157/185/548 156/259/549 165/257/550 166/191/551
f 152/180/552 157/185/553 166/191/554 167/186/555
f 158/192/556 163/258/557 160/194/558 159/195/559
f 161/196/560 160/194/561 163/258/562 162/256/563
f 165/190/564 164/189/565 161/196/566 162/256/567
f 166/191/568 165/257/569 162/197/570 163/193/571
f 167/186/572 166/191/573 163/193/574 158/254/575
f 168/187/576 167/255/577 158/192/578 159/195/579
f 169/188/580 168/187/581 159/195/582 160/194/583
f 164/189/584 169/188/585 160/194/586 161/196/587
f 96/107/588 99/105/589 34/198/590 35/199/591
f 99/105/592 38/200/593 34/198/594
f 38/200/595 103/112/596 36/115/597
f 171/201/598 170/202/599 59/139/600 58/146/601
f 172/203/602 171/201/603 58/146/604 57/147/605
f 173/204/606 172/203/607 57/147/608 56/66/609
f 174/251/610 173/204/611 56/66/612 55/253/613
f 175/206/614 174/205/615 55/65/616 60/138/617
f 170/202/618 175/206/619 60/138/620 59/139/621
f 176/61/622 170/202/623 171/201/624 177/60/625
f 178/59/626 177/60/627 171/201/628 172/203/629
f 179/57/630 178/59/631 172/203/632 173/204/633
f 180/58/634 179/57/635 173/204/636 174/251/637
f 181/62/638 180/252/639 174/205/640 175/206/641
f 176/61/642 181/62/643 175/206/644 170/202/645
f 190/90/646 189/92/647 84/103/648 83/117/649
f 191/87/650 190/90/651 83/117/652 82/100/653
f 192/88/654 191/87/655 82/100/656 81/249/657
f 193/96/658 192/250/659 81/99/660 86/111/661
f 194/94/662 193/96/663 86/111/664 85/104/665
f 189/92/666 194/94/667 85/104/668 84/103/669
f 99/105/670 97/101/671 103/112/672 38/200/673
f 86/111/674 195/113/675 85/104/676
f 86/111/677 102/109/678 196/114/679 195/113/680
f 104/207/681 196/114/682 102/109/683 101/110/684
f 36/115/685 196/114/686 104/207/687 37/208/688
f 82/100/689 83/117/690 105/116/691
f 221/209/692 222/210/693 219/211/694 218/212/695
f 222/210/696 223/213/697 220/214/698 219/211/699
f 34/198/700 38/200/701 201/215/702 200/216/703
f 35/199/704 34/198/705 200/216/706 198/217/707
f 38/200/708 36/115/709 202/218/710 201/215/711
f 36/115/712 37/208/713 199/219/714 202/218/715
f 200/216/716 201/215/717 206/220/718 205/221/719
f 198/217/720 200/216/721 205/221/722 203/222/723
f 201/215/724 202/218/725 207/223/726 206/220/727
f 202/218/728 199/219/729 204/224/730 207/223/731
f 205/221/732 206/220/733 211/225/734 210/226/735
f 203/222/736 205/221/737 210/226/738 208/227/739
f 206/220/740 207/223/741 212/228/742 211/225/743
f 207/223/744 204/224/745 209/229/746 212/228/747
f 210/226/748 211/225/749 216/230/750 215/231/751
f 208/227/752 210/226/753 215/231/754 213/232/755
f 211/225/756 212/228/757 217/233/758 216/230/759
f 212/228/760 209/229/761 214/234/762 217/233/763
f 215/231/764 216/230/765 222/210/766 221/209/767
f 213/232/768 215/231/769 221/209/770 218/212/771
f 216/230/772 217/233/773 223/213/774 222/210/775
f 217/233/776 214/234/777 220/214/778 223/213/779
f 4/5/780 238/10/781 239/6/782
f 225/17/783 224/16/784 9/19/785 14/22/786
f 226/29/787 225/17/788 14/22/789 22/32/790
f 227/280/791 226/29/792 22/32/793 27/283/794
f 246/235/795 245/236/796 247/237/797 248/286/798
f 1/1/799 2/26/800 234/239/801 235/2/802
f 230/13/803 229/12/804 7/240/805 12/241/806
f 231/27/807 230/13/808 12/241/809 20/242/810
f 232/33/811 231/27/812 20/242/813 25/243/814
f 233/39/815 232/33/816 25/243/817 30/244/818
f 233/39/819 30/244/820 40/161/821 133/160/822
f 31/42/823 228/281/824 132/156/825 39/155/826
f 228/281/827 32/282/828 197/157/829 132/156/830
f 32/282/831 33/43/832 42/158/833 197/157/834
f 33/43/835 29/40/836 41/159/837 42/158/838
f 29/40/839 233/39/840 133/160/841 41/159/842
f 235/2/843 234/239/844 7/240/845 229/12/846
f 236/3/847 235/2/848 229/12/849 6/11/850
f 237/9/851 236/3/852 6/11/853 10/20/854
f 238/10/855 237/9/856 10/20/857 9/19/858
f 239/6/859 238/10/860 9/19/861 224/16/862
f 240/7/863 239/6/864 224/16/865 8/15/866
f 228/41/867 227/35/868 241/245/869 242/246/870
f 227/35/871 27/38/872 243/247/873 241/245/874
f 27/38/875 32/44/876 244/248/877 243/247/878
f 32/44/879 228/288/880 242/287/881 244/248/882
f 242/246/883 241/245/884 245/236/885 246/284/886
f 241/245/887 243/247/888 247/237/889 245/236/890
f 243/247/891 244/248/892 248/238/893 247/237/894
f 244/248/895 242/287/896 246/285/897 248/238/898
f 249/289/899 251/291/900 250/290/901
f 3/292/902 240/295/903 253/294/904 252/293/905
f 252/293/906 256/298/907 255/297/908 254/296/909
f 254/296/910 255/297/911 251/291/912 249/289/913
f 257/299/914 260/302/915 259/301/916 258/300/917
f 8/303/918 13/306/919 262/305/920 261/304/921
f 263/307/922 266/310/923 265/309/924 264/308/925
f 264/308/926 265/309/927 260/302/928 257/299/929
f 252/293/930 254/296/931 16/312/932 18/311/933
f 16/312/934 254/296/935 249/289/936 17/313/937
f 249/289/938 2/314/939 17/313/940
f 3/292/941 252/293/942 18/311/943
f 260/302/944 268/316/945 267/315/946 259/301/947
f 13/306/948 21/318/949 269/317/950 262/305/951
f 266/310/952 271/320/953 270/319/954 265/309/955
f 265/309/956 270/319/957 268/316/958 260/302/959
f 268/316/960 273/322/961 272/321/962 267/315/963
f 21/318/964 26/324/965 274/323/966 269/317/967
f 271/320/968 276/326/969 275/325/970 270/319/971
f 270/319/972 275/325/973 273/322/974 268/316/975
f 273/322/976 278/328/977 277/327/978 272/321/979
f 26/324/980 31/330/981 279/329/982 274/323/983
f 276/326/984 281/332/985 280/331/986 275/325/987
f 275/325/988 280/331/989 278/328/990 273/322/991
f 282/333/992 285/336/993 284/335/994 283/334/995
f 283/334/996 284/335/997 287/338/998 286/337/999
f 286/337/1000 287/338/1001 289/340/1002 288/339/1003
f 288/339/1004 289/340/1005 291/342/1006 290/341/1007
f 290/341/1008 291/342/1009 293/344/1010 292/343/1011
f 292/343/1012 293/344/1013 285/346/1014 282/345/1015
f 284/335/1016 285/336/1017 295/348/1018 294/347/1019
f 287/338/1020 284/335/1021 294/347/1022 296/349/1023
f 289/340/1024 287/338/1025 296/349/1026 297/350/1027
f 291/342/1028 289/340/1029 297/350/1030 298/351/1031
f 293/344/1032 291/342/1033 298/351/1034 299/352/1035
f 285/346/1036 293/344/1037 299/352/1038 295/353/1039
f 62/354/1040 301/357/1041 300/356/1042 61/355/1043
f 302/358/1044 305/361/1045 304/360/1046 303/359/1047
f 303/359/1048 304/360/1049 307/363/1050 306/362/1051
f 306/362/1052 307/363/1053 309/365/1054 308/364/1055
f 308/364/1056 309/365/1057 311/367/1058 310/366/1059
f 310/366/1060 311/367/1061 313/369/1062 312/368/1063
f 312/368/1064 313/369/1065 305/371/1066 302/370/1067
f 305/361/1068 315/373/1069 314/372/1070 304/360/1071
f 304/360/1072 314/372/1073 316/374/1074 307/363/1075
f 307/363/1076 316/374/1077 317/375/1078 309/365/1079
f 309/365/1080 317/375/1081 318/376/1082 311/367/1083
f 311/367/1084 318/376/1085 319/377/1086 313/369/1087
f 313/369/1088 319/377/1089 315/378/1090 305/371/1091
f 320/379/1092 323/382/1093 322/381/1094 321/380/1095
f 321/380/1096 322/381/1097 325/384/1098 324/383/1099
f 324/383/1100 325/384/1101 327/386/1102 326/385/1103
f 326/385/1104 327/386/1105 329/388/1106 328/387/1107
f 328/387/1108 329/388/1109 331/390/1110 330/389/1111
f 330/389/1112 331/390/1113 323/392/1114 320/391/1115
f 319/377/1116 330/389/1117 320/391/1118 315/378/1119
f 315/373/1120 320/379/1121 321/380/1122 314/372/1123
f 314/372/1124 321/380/1125 324/383/1126 316/374/1127
f 316/374/1128 324/383/1129 326/385/1130 317/375/1131
f 317/375/1132 326/385/1133 328/387/1134 318/376/1135
f 318/376/1136 328/387/1137 330/389/1138 319/377/1139
f 94/393/1140 333/396/1141 332/395/1142 93/394/1143
f 334/397/1144 337/400/1145 336/399/1146 335/398/1147
f 335/398/1148 339/402/1149 338/401/1150 334/397/1151
f 339/402/1152 95/404/1153 96/403/1154 338/401/1155
f 340/405/1156 101/408/1157 93/407/1158 332/406/1159
f 341/409/1160 340/405/1161 332/406/1162
f 342/410/1163 343/411/1164 337/400/1165 334/397/1166
f 342/410/1167 345/413/1168 344/412/1169 343/411/1170
f 346/414/1171 348/416/1172 347/415/1173
f 347/415/1174 348/416/1175 349/417/1176 336/399/1177
f 335/398/1178 336/399/1179 349/417/1180 350/418/1181
f 335/398/1182 350/418/1183 351/419/1184 339/402/1185
f 339/402/1186 351/419/1187 110/420/1188 95/404/1189
f 94/393/1190 111/421/1191 346/414/1192 333/396/1193
f 346/414/1194 353/423/1195 352/422/1196 348/416/1197
f 348/416/1198 352/422/1199 354/424/1200 349/417/1201
f 350/418/1202 349/417/1203 354/424/1204 355/425/1205
f 350/418/1206 355/425/1207 356/426/1208 351/419/1209
f 351/419/1210 356/426/1211 117/427/1212 110/420/1213
f 111/421/1214 118/428/1215 353/423/1216 346/414/1217
f 353/423/1218 358/430/1219 357/429/1220 352/422/1221
f 352/422/1222 357/429/1223 359/431/1224 354/424/1225
f 355/425/1226 354/424/1227 359/431/1228 360/432/1229
f 355/425/1230 360/432/1231 361/433/1232 356/426/1233
f 356/426/1234 361/433/1235 124/434/1236 117/427/1237
f 118/428/1238 125/435/1239 358/430/1240 353/423/1241
f 300/436/1242 358/430/1243 125/435/1244 61/437/1245
f 358/430/1246 300/436/1247 362/438/1248 357/429/1249
f 357/429/1250 362/438/1251 363/439/1252 359/431/1253
f 360/432/1254 365/441/1255 364/440/1256 361/433/1257
f 361/433/1258 364/440/1259 128/442/1260 124/434/1261
f 360/432/1262 359/431/1263 363/439/1264 365/441/1265
f 365/441/1266 367/444/1267 366/443/1268 364/440/1269
f 364/440/1270 366/443/1271 131/445/1272 128/442/1273
f 365/441/1274 363/439/1275 368/446/1276 367/444/1277
f 301/357/1278 371/449/1279 370/448/1280 369/447/1281
f 369/447/1282 370/448/1283 372/450/1284 368/446/1285
f 186/451/1286 371/449/1287 301/357/1288 62/354/1289
f 367/444/1290 374/453/1291 373/452/1292 366/443/1293
f 366/443/1294 373/452/1295 187/454/1296 131/445/1297
f 368/446/1298 372/450/1299 374/453/1300 367/444/1301
f 39/455/1302 187/454/1303 373/452/1304 375/456/1305
f 375/456/1306 373/452/1307 374/453/1308 376/457/1309
f 376/457/1310 374/453/1311 372/450/1312 377/458/1313
f 377/458/1314 372/450/1315 370/448/1316 378/459/1317
f 378/459/1318 370/448/1319 371/449/1320 379/460/1321
f 379/460/1322 371/449/1323 186/451/1324 40/461/1325
f 283/334/1326 381/463/1327 380/462/1328 282/333/1329
f 286/337/1330 382/464/1331 381/463/1332 283/334/1333
f 288/339/1334 383/465/1335 382/464/1336 286/337/1337
f 290/341/1338 384/466/1339 383/465/1340 288/339/1341
f 292/343/1342 385/467/1343 384/466/1344 290/341/1345
f 282/345/1346 380/468/1347 385/467/1348 292/343/1349
f 381/463/1350 387/470/1351 386/469/1352 380/462/1353
f 382/464/1354 388/471/1355 387/470/1356 381/463/1357
f 383/465/1358 389/472/1359 388/471/1360 382/464/1361
f 384/466/1362 390/473/1363 389/472/1364 383/465/1365
f 385/474/1366 391/477/1367 390/476/1368 384/475/1369
f 380/478/1370 386/479/1371 391/477/1372 385/474/1373
f 392/480/1374 395/483/1375 394/482/1376 393/481/1377
f 396/484/1378 397/485/1379 393/481/1380 394/482/1381
f 390/473/1382 397/485/1383 396/484/1384 389/472/1385
f 391/477/1386 393/487/1387 397/486/1388 390/476/1389
f 386/479/1390 392/488/1391 393/487/1392 391/477/1393
f 387/470/1394 395/483/1395 392/480/1396 386/469/1397
f 388/471/1398 394/482/1399 395/483/1400 387/470/1401
f 389/472/1402 396/484/1403 394/482/1404 388/471/1405
f 303/359/1406 399/490/1407 398/489/1408 302/358/1409
f 306/362/1410 400/491/1411 399/490/1412 303/359/1413
f 308/364/1414 401/492/1415 400/491/1416 306/362/1417
f 310/366/1418 402/493/1419 401/492/1420 308/364/1421
f 312/368/1422 403/494/1423 402/493/1424 310/366/1425
f 302/370/1426 398/495/1427 403/494/1428 312/368/1429
f 399/490/1430 405/497/1431 404/496/1432 398/489/1433
f 400/491/1434 406/498/1435 405/497/1436 399/490/1437
f 401/492/1438 407/499/1439 406/498/1440 400/491/1441
f 402/493/1442 408/500/1443 407/499/1444 401/492/1445
f 403/501/1446 409/504/1447 408/503/1448 402/502/1449
f 398/505/1450 404/506/1451 409/504/1452 403/501/1453
f 410/507/1454 413/510/1455 412/509/1456 411/508/1457
f 414/511/1458 415/512/1459 411/508/1460 412/509/1461
f 408/500/1462 415/512/1463 414/511/1464 407/499/1465
f 409/504/1466 411/514/1467 415/513/1468 408/503/1469
f 404/506/1470 410/515/1471 411/514/1472 409/504/1473
f 405/497/1474 413/510/1475 410/507/1476 404/496/1477
f 406/498/1478 412/509/1479 413/510/1480 405/497/1481
f 407/499/1482 414/511/1483 412/509/1484 406/498/1485
f 96/403/1486 35/517/1487 416/516/1488 338/401/1489
f 338/401/1490 416/516/1491 417/518/1492
f 417/518/1493 345/413/1494 342/410/1495
f 418/519/1496 368/446/1497 363/439/1498 419/520/1499
f 420/521/1500 369/447/1501 368/446/1502 418/519/1503
f 421/522/1504 301/357/1505 369/447/1506 420/521/1507
f 422/523/1508 300/356/1509 301/357/1510 421/522/1511
f 423/524/1512 362/438/1513 300/436/1514 422/525/1515
f 419/520/1516 363/439/1517 362/438/1518 423/524/1519
f 298/351/1520 297/350/1521 418/519/1522 419/520/1523
f 296/349/1524 420/521/1525 418/519/1526 297/350/1527
f 294/347/1528 421/522/1529 420/521/1530 296/349/1531
f 295/348/1532 422/523/1533 421/522/1534 294/347/1535
f 299/352/1536 423/524/1537 422/525/1538 295/353/1539
f 298/351/1540 419/520/1541 423/524/1542 299/352/1543
f 325/384/1544 347/415/1545 336/399/1546 327/386/1547
f 322/381/1548 333/396/1549 347/415/1550 325/384/1551
f 323/382/1552 332/395/1553 333/396/1554 322/381/1555
f 331/390/1556 341/409/1557 332/406/1558 323/392/1559
f 329/388/1560 337/400/1561 341/409/1562 331/390/1563
f 327/386/1564 336/399/1565 337/400/1566 329/388/1567
f 338/401/1568 417/518/1569 342/410/1570 334/397/1571
f 341/409/1572 337/400/1573 343/411/1574
f 341/409/1575 343/411/1576 344/412/1577 340/405/1578
f 104/526/1579 101/408/1580 340/405/1581 344/412/1582
f 345/413/1583 37/527/1584 104/526/1585 344/412/1586
f 333/396/1587 346/414/1588 347/415/1589
f 424/528/1590 218/531/1591 219/530/1592 425/529/1593
f 425/529/1594 219/530/1595 220/533/1596 426/532/1597
f 416/516/1598 428/535/1599 427/534/1600 417/518/1601
f 35/517/1602 198/536/1603 428/535/1604 416/516/1605
f 417/518/1606 427/534/1607 429/537/1608 345/413/1609
f 345/413/1610 429/537/1611 199/538/1612 37/527/1613
f 428/535/1614 431/540/1615 430/539/1616 427/534/1617
f 198/536/1618 203/541/1619 431/540/1620 428/535/1621
f 427/534/1622 430/539/1623 432/542/1624 429/537/1625
f 429/537/1626 432/542/1627 204/543/1628 199/538/1629
f 431/540/1630 434/545/1631 433/544/1632 430/539/1633
f 203/541/1634 208/546/1635 434/545/1636 431/540/1637
f 430/539/1638 433/544/1639 435/547/1640 432/542/1641
f 432/542/1642 435/547/1643 209/548/1644 204/543/1645
f 434/545/1646 437/550/1647 436/549/1648 433/544/1649
f 208/546/1650 213/551/1651 437/550/1652 434/545/1653
f 433/544/1654 436/549/1655 438/552/1656 435/547/1657
f 435/547/1658 438/552/1659 214/553/1660 209/548/1661
f 437/550/1662 424/528/1663 425/529/1664 436/549/1665
f 213/551/1666 218/531/1667 424/528/1668 437/550/1669
f 436/549/1670 425/529/1671 426/532/1672 438/552/1673
f 438/552/1674 426/532/1675 220/533/1676 214/553/1677
f 252/293/1678 253/294/1679 256/298/1680
f 262/305/1681 266/310/1682 263/307/1683 261/304/1684
f 269/317/1685 271/320/1686 266/310/1687 262/305/1688
f 274/323/1689 276/326/1690 271/320/1691 269/317/1692
f 439/554/1693 442/557/1694 441/556/1695 440/555/1696
f 249/289/1697 250/290/1698 234/558/1699 2/314/1700
f 259/301/1701 12/560/1702 7/559/1703 258/300/1704
f 267/315/1705 20/561/1706 12/560/1707 259/301/1708
f 272/321/1709 25/562/1710 20/561/1711 267/315/1712
f 277/327/1713 30/563/1714 25/562/1715 272/321/1716
f 277/327/1717 379/460/1718 40/461/1719 30/563/1720
f 31/330/1721 39/455/1722 375/456/1723 279/329/1724
f 279/329/1725 375/456/1726 376/457/1727 281/332/1728
f 281/332/1729 376/457/1730 377/458/1731 280/331/1732
f 280/331/1733 377/458/1734 378/459/1735 278/328/1736
f 278/328/1737 378/459/1738 379/460/1739 277/327/1740
f 250/290/1741 258/300/1742 7/559/1743 234/558/1744
f 251/291/1745 257/299/1746 258/300/1747 250/290/1748
f 255/297/1749 264/308/1750 257/299/1751 251/291/1752
f 256/298/1753 263/307/1754 264/308/1755 255/297/1756
f 253/294/1757 261/304/1758 263/307/1759 256/298/1760
f 240/295/1761 8/303/1762 261/304/1763 253/294/1764
f 279/564/1765 444/567/1766 443/566/1767 274/565/1768
f 274/565/1769 443/566/1770 445/569/1771 276/568/1772
f 276/568/1773 445/569/1774 446/571/1775 281/570/1776
f 281/570/1777 446/571/1778 444/573/1779 279/572/1780
f 444/567/1781 439/574/1782 440/555/1783 443/566/1784
f 443/566/1785 440/555/1786 441/556/1787 445/569/1788
f 445/569/1789 441/556/1790 442/575/1791 446/571/1792
f 446/571/1793 442/575/1794 439/576/1795 444/573/1796
